Model_Group,(All),,,,,,,,,
,,,,,,,,,,
Sum of PV_Capex,Column Labels,,,,,,,,,
Row Labels,2020,2030,2040,2050,2060,2070,2080,2090,2100,Grand Total
2.5C,2235.706781,1703.434676,1550.823459,1373.826651,1440.081037,1519.977438,1536.029446,1542.49605,1540.111058,14442.4866
AIM/Hub-Global 2.0,2235.706781,1703.434676,1550.823459,1373.826651,1440.081037,1519.977438,1536.029446,1542.49605,1540.111058,14442.4866
2C,2235.706781,1747.6002,1590.523599,1397.980253,1461.314666,1532.995734,1541.266262,1543.718143,1540.148845,14591.25448
AIM/Hub-Global 2.0,2235.706781,1747.6002,1590.523599,1397.980253,1461.314666,1532.995734,1541.266262,1543.718143,1540.148845,14591.25448
Baseline,2264.519293,1744.550103,1532.05391,1312.540288,1326.632419,1323.211205,1313.571858,1309.723542,1297.385654,13424.18827
AIM/Hub-Global 2.0,2264.519293,1744.550103,1532.05391,1312.540288,1326.632419,1323.211205,1313.571858,1309.723542,1297.385654,13424.18827
BEG-Base,1067.1874,759.3824,607.9247,528.274,474.097,443.6909,416.1254,396.2118,380.4713,5073.3649
REMIND-Buildings 2.0,1067.1874,759.3824,607.9247,528.274,474.097,443.6909,416.1254,396.2118,380.4713,5073.3649
BEG-Budg600,1067.1874,601.5402,483.8193,442.5165,410.4131,390.7097,374.4007,362.3873,351.3791,4484.3533
REMIND-Buildings 2.0,1067.1874,601.5402,483.8193,442.5165,410.4131,390.7097,374.4007,362.3873,351.3791,4484.3533
BEG-Budg600-EG,1067.1874,570.279,479.1096,450.507,417.3217,396.9116,379.4568,366.612,355.0769,4482.462
REMIND-Buildings 2.0,1067.1874,570.279,479.1096,450.507,417.3217,396.9116,379.4568,366.612,355.0769,4482.462
BEG-EG,1067.1874,804.3849,648.2214,557.7536,495.151,461.1036,430.1745,408.4107,391.1826,5263.5697
REMIND-Buildings 2.0,1067.1874,804.3849,648.2214,557.7536,495.151,461.1036,430.1745,408.4107,391.1826,5263.5697
CD-LINKS_INDC2030i_1000,1277.5069,864.6446,631.3737,538.1651,494.0897,473.1442,454.0054,440.7048,431.2957,5604.9301
REMIND-MAgPIE 1.7-3.0,1277.5069,864.6446,631.3737,538.1651,494.0897,473.1442,454.0054,440.7048,431.2957,5604.9301
CD-LINKS_INDC2030i_1600,1277.5069,864.6446,640.5083,545.8576,498.9381,476.3724,455.3811,440.3758,429.1692,5628.754
REMIND-MAgPIE 1.7-3.0,1277.5069,864.6446,640.5083,545.8576,498.9381,476.3724,455.3811,440.3758,429.1692,5628.754
CD-LINKS_INDC2030i_400,1277.5069,864.6446,621.6456,530.5213,488.2082,468.1315,449.6451,436.5407,427.0553,5563.8992
REMIND-MAgPIE 1.7-3.0,1277.5069,864.6446,621.6456,530.5213,488.2082,468.1315,449.6451,436.5407,427.0553,5563.8992
CD-LINKS_INDCi,1277.5069,864.6446,677.0313,583.2922,525.4032,497.5044,473.3451,456.225,443.3046,5798.2573
REMIND-MAgPIE 1.7-3.0,1277.5069,864.6446,677.0313,583.2922,525.4032,497.5044,473.3451,456.225,443.3046,5798.2573
CD-LINKS_NoPolicy,1337.5474,968.8353,733.2834,611.2619,539.8734,507.3272,480.2132,461.378,447.4449,6087.1647
REMIND-MAgPIE 1.7-3.0,1337.5474,968.8353,733.2834,611.2619,539.8734,507.3272,480.2132,461.378,447.4449,6087.1647
CD-LINKS_NPi,1277.5069,910.2835,713.107,604.679,537.8317,506.5314,479.8413,461.0151,446.9988,5937.7947
REMIND-MAgPIE 1.7-3.0,1277.5069,910.2835,713.107,604.679,537.8317,506.5314,479.8413,461.0151,446.9988,5937.7947
CD-LINKS_NPi2020_1000,1277.5069,765.4203,594.9426,530.9421,491.5623,469.8713,450.3955,436.4776,425.8191,5442.9377
REMIND-MAgPIE 1.7-3.0,1277.5069,765.4203,594.9426,530.9421,491.5623,469.8713,450.3955,436.4776,425.8191,5442.9377
CD-LINKS_NPi2020_1600,1277.5069,784.9108,607.0781,538.2368,497.1742,475.3611,456.1495,443.0917,433.3586,5512.8677
REMIND-MAgPIE 1.7-3.0,1277.5069,784.9108,607.0781,538.2368,497.1742,475.3611,456.1495,443.0917,433.3586,5512.8677
CD-LINKS_NPi2020_400,1277.5069,748.9513,592.7759,538.7261,503.1281,481.1579,460.7647,446.1064,434.8654,5483.9827
REMIND-MAgPIE 1.7-3.0,1277.5069,748.9513,592.7759,538.7261,503.1281,481.1579,460.7647,446.1064,434.8654,5483.9827
CEMICS_GDPgrowth_1p5,958.9597,465.2516,365.2237,328.5254,288.4404,264.3455,244.4765,229.7266,217.3983,3362.3477
REMIND 2.1,958.9597,465.2516,365.2237,328.5254,288.4404,264.3455,244.4765,229.7266,217.3983,3362.3477
CEMICS_GDPgrowth_2C,958.9597,496.7553,380.9959,340.221,301.4261,276.919,255.013,239.1783,227.034,3476.5023
REMIND 2.1,958.9597,496.7553,380.9959,340.221,301.4261,276.919,255.013,239.1783,227.034,3476.5023
CEMICS_HotellingConst_1p5,958.9597,475.6446,367.1923,325.8501,282.8926,258.6248,239.4566,225.8113,215.1916,3349.6236
REMIND 2.1,958.9597,475.6446,367.1923,325.8501,282.8926,258.6248,239.4566,225.8113,215.1916,3349.6236
CEMICS_HotellingConst_2C,958.9597,518.9837,390.5989,344.2166,303.3302,278.9182,257.1595,241.7135,230.1825,3524.0628
REMIND 2.1,958.9597,518.9837,390.5989,344.2166,303.3302,278.9182,257.1595,241.7135,230.1825,3524.0628
CEMICS_Linear_1p5,958.9597,460.2497,360.1027,326.9508,288.5367,263.8892,243.2396,228.2443,216.8056,3346.9783
REMIND 2.1,958.9597,460.2497,360.1027,326.9508,288.5367,263.8892,243.2396,228.2443,216.8056,3346.9783
CEMICS_Linear_2C,958.9597,512.018,386.1458,342.3995,303.435,279.9034,258.6509,243.0227,230.9885,3515.5235
REMIND 2.1,958.9597,512.018,386.1458,342.3995,303.435,279.9034,258.6509,243.0227,230.9885,3515.5235
CEMICS_NPI,958.9597,577.5635,460.2263,402.621,348.5077,316.6637,286.8257,264.6318,248.341,3864.3404
REMIND 2.1,958.9597,577.5635,460.2263,402.621,348.5077,316.6637,286.8257,264.6318,248.341,3864.3404
CEMICS_opt_1p5,958.9597,482.427,370.126,339.0314,305.9705,280.2031,257.8451,243.3742,231.2082,3469.1452
REMIND 2.1,958.9597,482.427,370.126,339.0314,305.9705,280.2031,257.8451,243.3742,231.2082,3469.1452
CEMICS_opt_2C,958.9597,487.4602,372.5675,332.5647,295.6366,272.9551,253.9067,240.0992,229.5752,3443.7249
REMIND 2.1,958.9597,487.4602,372.5675,332.5647,295.6366,272.9551,253.9067,240.0992,229.5752,3443.7249
CEMICS_SSP1-1p5C-fullCDR,958.9782,444.9876,325.9322,289.9157,262.6855,244.2193,229.7673,221.076,212.8025,3190.3643
REMIND-MAgPIE 2.1-4.2,958.9782,444.9876,325.9322,289.9157,262.6855,244.2193,229.7673,221.076,212.8025,3190.3643
CEMICS_SSP1-1p5C-minCDR,958.9782,427.681,314.2285,276.4065,247.25,229.4928,216.8654,209.0765,201.5515,3081.5304
REMIND-MAgPIE 2.1-4.2,958.9782,427.681,314.2285,276.4065,247.25,229.4928,216.8654,209.0765,201.5515,3081.5304
CEMICS_SSP1-Npi,958.9782,556.6006,425.5887,366.6724,320.7868,294.4508,271.8777,256.2023,242.902,3694.0595
REMIND-MAgPIE 2.1-4.2,958.9782,556.6006,425.5887,366.6724,320.7868,294.4508,271.8777,256.2023,242.902,3694.0595
CEMICS_SSP2-1p5C-fullCDR,958.2467,467.9079,359.8209,326.2157,292.5373,271.1181,252.4781,238.5,227.2062,3394.0309
REMIND-MAgPIE 2.1-4.2,958.2467,467.9079,359.8209,326.2157,292.5373,271.1181,252.4781,238.5,227.2062,3394.0309
CEMICS_SSP2-1p5C-minCDR,958.2467,439.9457,343.5031,310.6248,276.2849,255.7447,239.0428,226.7395,216.5716,3266.7038
REMIND-MAgPIE 2.1-4.2,958.2467,439.9457,343.5031,310.6248,276.2849,255.7447,239.0428,226.7395,216.5716,3266.7038
CEMICS_SSP2-2C-fullCDR,958.2467,511.7169,384.6738,338.1968,299.1334,276.3672,255.8696,241.0328,229.9635,3495.2007
REMIND-MAgPIE 2.1-4.2,958.2467,511.7169,384.6738,338.1968,299.1334,276.3672,255.8696,241.0328,229.9635,3495.2007
CEMICS_SSP2-2C-minCDR,958.2467,484.3343,367.3902,326.8539,289.0663,265.5187,245.5701,231.8842,220.9255,3389.7899
REMIND-MAgPIE 2.1-4.2,958.2467,484.3343,367.3902,326.8539,289.0663,265.5187,245.5701,231.8842,220.9255,3389.7899
CEMICS_SSP2-Npi,958.2467,576.9519,460.1874,402.4686,348.2921,316.6095,286.8699,264.7007,248.3957,3862.7225
REMIND-MAgPIE 2.1-4.2,958.2467,576.9519,460.1874,402.4686,348.2921,316.6095,286.8699,264.7007,248.3957,3862.7225
CEMICS-1.5-CDR12,1271.3607,717.0199,566.7898,515.8554,483.5514,464.1353,446.2761,433.2452,422.7036,5320.9374
REMIND 1.7,1271.3607,717.0199,566.7898,515.8554,483.5514,464.1353,446.2761,433.2452,422.7036,5320.9374
CEMICS-1.5-CDR20,1271.3607,741.3215,581.4949,524.4952,489.7758,468.6974,448.7972,434.093,422.6009,5382.6366
REMIND 1.7,1271.3607,741.3215,581.4949,524.4952,489.7758,468.6974,448.7972,434.093,422.6009,5382.6366
CEMICS-1.5-CDR8,1271.3607,699.8217,555.1713,507.7972,477.7906,459.7802,444.2612,432.9046,422.021,5270.9085
REMIND 1.7,1271.3607,699.8217,555.1713,507.7972,477.7906,459.7802,444.2612,432.9046,422.021,5270.9085
CEMICS-2.0-CDR12,1271.3607,751.8079,588.7952,529.3798,493.3958,473.0085,454.4057,440.5926,429.2742,5432.0204
REMIND 1.7,1271.3607,751.8079,588.7952,529.3798,493.3958,473.0085,454.4057,440.5926,429.2742,5432.0204
CEMICS-2.0-CDR20,1271.3607,759.9981,593.8767,532.1067,494.8774,473.7394,454.0506,439.0924,426.3857,5445.4877
REMIND 1.7,1271.3607,759.9981,593.8767,532.1067,494.8774,473.7394,454.0506,439.0924,426.3857,5445.4877
CEMICS-2.0-CDR8,1271.3607,739.2638,580.9126,524.7563,490.1386,469.9559,451.4389,438.1609,427.7692,5393.7569
REMIND 1.7,1271.3607,739.2638,580.9126,524.7563,490.1386,469.9559,451.4389,438.1609,427.7692,5393.7569
CEMICS-Ref,1343.184,975.6373,735.8611,614.0132,543.3805,510.615,483.1017,464.005,449.8436,6119.6414
REMIND 1.7,1343.184,975.6373,735.8611,614.0132,543.3805,510.615,483.1017,464.005,449.8436,6119.6414
CO_2Deg2020,27505.66579,20120.74234,16408.66487,14609.28588,13455.16954,12518.90629,11803.56646,11267.45563,10906.65287,138596.1097
IMAGE 3.0,6576.445508,5579.888989,4530.385116,4247.411039,4057.755366,3841.496035,3732.809649,3670.408708,3646.698874,39883.29928
POLES GECO2019,1636.800903,1095.202759,789.0289307,764.0048218,747.020752,742.2476807,739.5767822,737.6422119,736.8515015,7988.376343
REMIND-MAgPIE 1.7-3.0,1249.287,760.9679,598.3303,535.2684,495.7418,473.5878,454.244,441.2935,431.7408,5440.4615
WITCH 5.0,18043.13238,12684.68269,10490.92052,9062.601622,8154.65162,7461.574775,6876.936026,6418.11121,6091.361693,85283.97254
CO_2Deg2030,27544.07841,21348.83591,17038.74261,14544.74414,13278.30192,12385.58562,11682.40435,11125.33328,10730.41762,139678.4439
IMAGE 3.0,6579.065622,5378.174396,4929.058835,4228.28934,3952.768161,3827.963036,3744.336178,3633.739931,3581.55316,39854.94866
POLES GECO2019,1638.414307,1255.794434,783.8330688,759.0232544,748.2674561,741.3497925,739.1170044,737.1569214,736.4030762,8139.359315
REMIND-MAgPIE 1.7-3.0,1283.4661,871.1531,635.8058,543.0877,498.3345,475.9614,455.7204,442.2124,432.6548,5638.3962
WITCH 5.0,18043.13238,13843.71398,10690.04491,9014.343844,8078.931804,7340.311389,6743.230764,6312.224031,5979.806579,86045.73968
CO_BAU,27814.85342,22483.38057,19178.1694,16746.23971,14946.47116,13621.80913,12645.82337,11905.83331,11351.38764,150693.9677
IMAGE 3.0,6780.808929,5735.873488,5174.69293,4798.260007,4463.414488,4126.668813,3879.349366,3681.367309,3552.220919,42192.65625
POLES GECO2019,1653.23291,1299.936646,1046.384888,847.8731689,781.0539551,756.8660278,745.9326782,742.1993408,739.6444092,8613.124024
REMIND-MAgPIE 1.7-3.0,1337.6792,967.0326,732.0122,612.6743,542.9431,510.4846,483.1447,464.0316,449.8364,6099.8387
WITCH 5.0,18043.13238,14480.53784,12225.07938,10487.43223,9159.059619,8227.789689,7537.396621,7018.235057,6609.685915,93788.34873
CO_Bridge,12436.60168,9097.421254,8022.354949,7145.892949,6809.232216,6609.186388,6539.044303,6452.371247,6398.847452,69510.95244
AIM/CGE 2.1,2052.84271,1708.435393,1550.335268,1309.960937,1314.831659,1319.384813,1322.578269,1323.393402,1325.164777,13226.92723
IMAGE 3.0,6534.954038,4929.368368,4744.768775,4243.95149,3965.475977,3790.568416,3740.321603,3668.93608,3624.854867,39243.19961
POLES GECO2019,1646.275879,1205.279785,826.0758057,772.897522,753.2617798,745.7605591,742.4122314,739.5993652,737.9804077,8169.543335
REMIND-MAgPIE 1.7-3.0,1253.3901,827.9188,624.2401,542.148,498.7278,476.5376,456.7972,443.5074,433.9124,5557.1794
WITCH 5.0,949.1389541,426.4189077,276.935,276.935,276.935,276.935,276.935,276.935,276.935,3314.102862
CO_Bridge_notax,1646.275879,1270.326538,789.4951782,763.0588989,750.4656372,742.5380249,739.876709,737.5771484,736.7375488,8176.351562
POLES GECO2019,1646.275879,1270.326538,789.4951782,763.0588989,750.4656372,742.5380249,739.876709,737.5771484,736.7375488,8176.351562
CO_CurPol,29594.2156,23554.40658,20187.2391,17786.053,16142.14211,14836.5049,13907.56904,13173.98736,12570.91424,161753.0319
AIM/CGE 2.1,2052.911666,1585.359742,1399.950552,1204.406476,1206.927949,1213.847283,1215.110218,1211.329791,1204.212617,12294.05629
IMAGE 3.0,6576.501837,5416.750331,4954.371135,4731.877506,4489.098564,4139.25455,3924.478138,3729.18619,3551.158708,41512.67696
POLES GECO2019,1638.203613,1265.039063,1020.744324,837.0266724,778.2620239,756.0651245,745.6196899,742.0108643,739.4555054,8522.42688
REMIND-MAgPIE 1.7-3.0,1283.4661,917.089,715.4555,605.824,539.6688,508.626,481.9235,463.0755,449.0552,5964.1836
WITCH 5.0,18043.13238,14370.16844,12096.71759,10406.91835,9128.184769,8218.711947,7540.437494,7028.385011,6627.032214,93459.6882
CO_GPP,27477.7524,20768.08419,17388.52562,15475.99451,14066.04135,12938.54804,12136.11007,11570.79068,11125.35277,142947.1996
IMAGE 3.0,6534.954038,4929.368368,4685.588189,4551.546693,4328.08948,3998.376283,3798.115438,3688.158903,3610.823251,40125.02064
POLES GECO2019,1646.275879,1205.279785,886.7779541,798.9387817,763.4171753,750.2195435,743.2697144,739.8208618,738.3914185,8272.391113
REMIND-MAgPIE 1.7-3.0,1253.3901,827.9188,647.5722,565.35,517.439,492.6923,469.8685,453.854,442.3176,5670.4025
WITCH 5.0,18043.13238,13805.51724,11168.58728,9560.159032,8457.095693,7697.259914,7124.856413,6688.956918,6333.820505,88879.38538
CO_GPP_notax,1646.275879,1270.135742,1028.078735,845.1033325,784.8109741,759.4423828,748.0481567,743.8240356,740.6574707,8566.376708
POLES GECO2019,1646.275879,1270.135742,1028.078735,845.1033325,784.8109741,759.4423828,748.0481567,743.8240356,740.6574707,8566.376708
CO_NDC_2050convergence,19681.45172,15094.49755,12266.16946,10392.79839,9283.094794,8535.792264,7960.70209,7523.446787,7169.100692,97907.05374
POLES GECO2019,1638.319336,1250.783569,960.8317871,800.75177,764.1340332,750.4603271,743.2911377,740.3684082,738.4575806,8387.397949
WITCH 5.0,18043.13238,13843.71398,11305.33767,9592.046622,8518.960761,7785.331937,7217.410952,6783.078379,6430.643111,89519.65579
CO_NDCplus,27544.11449,21339.94612,18022.74785,15935.47039,14489.96618,13326.38208,12449.29821,11749.45443,11240.9078,146098.2876
IMAGE 3.0,6579.196674,5374.295473,4906.633782,4678.602888,4428.193942,4102.412389,3868.121448,3657.170335,3538.631779,41133.25871
POLES GECO2019,1638.319336,1250.783569,974.9572754,818.758606,771.0153809,753.3084717,744.7597656,741.1625366,739.0298462,8432.094787
REMIND-MAgPIE 1.7-3.0,1283.4661,871.1531,678.6806,584.0777,527.2938,499.8476,475.7585,458.6726,445.9989,5824.9489
WITCH 5.0,18043.13238,13843.71398,11462.47619,9854.031198,8763.463057,7970.813623,7360.658499,6892.448963,6517.247272,90707.98516
DAC2_66,2157,1861,1657,1515,1413,1341,1296,1268,1246,13754
MERGE-ETL 6.0,2157,1861,1657,1515,1413,1341,1296,1268,1246,13754
DeepElec_SSP2_ HighRE_Budg1100,875.2235,280.8197,207.0771,177.281,162.4763,153.8345,147.6997,143.0086,138.7391,2286.1595
REMIND-MAgPIE 2.1-4.3,875.2235,280.8197,207.0771,177.281,162.4763,153.8345,147.6997,143.0086,138.7391,2286.1595
DeepElec_SSP2_ HighRE_Budg1300,875.2235,288.0875,208.8707,178.0939,163.8712,155.184,148.683,143.9031,139.6418,2301.5587
REMIND-MAgPIE 2.1-4.3,875.2235,288.0875,208.8707,178.0939,163.8712,155.184,148.683,143.9031,139.6418,2301.5587
DeepElec_SSP2_ HighRE_Budg900,875.2235,274.6042,204.8541,175.0873,160.7413,152.668,146.6185,141.9243,137.8731,2269.5943
REMIND-MAgPIE 2.1-4.3,875.2235,274.6042,204.8541,175.0873,160.7413,152.668,146.6185,141.9243,137.8731,2269.5943
DeepElec_SSP2_Base,894.2828,573.225,460.8232,411.379,360.4954,330.7274,305.1388,287.2647,272.8148,3896.1511
REMIND-MAgPIE 2.1-4.3,894.2828,573.225,460.8232,411.379,360.4954,330.7274,305.1388,287.2647,272.8148,3896.1511
DeepElec_SSP2_def_Budg1100,875.2235,450.7766,380.7404,356.0376,321.6431,298.8057,280.8731,267.1159,254.8069,3486.0228
REMIND-MAgPIE 2.1-4.3,875.2235,450.7766,380.7404,356.0376,321.6431,298.8057,280.8731,267.1159,254.8069,3486.0228
DeepElec_SSP2_def_Budg1300,875.2235,469.5633,386.5831,357.0823,322.6045,300.2224,281.9953,268.4301,256.359,3518.0635
REMIND-MAgPIE 2.1-4.3,875.2235,469.5633,386.5831,357.0823,322.6045,300.2224,281.9953,268.4301,256.359,3518.0635
DeepElec_SSP2_def_Budg900,875.2235,434.8644,375.6371,356.5463,319.7467,296.3189,278.6141,264.205,251.7495,3452.9055
REMIND-MAgPIE 2.1-4.3,875.2235,434.8644,375.6371,356.5463,319.7467,296.3189,278.6141,264.205,251.7495,3452.9055
DeepElec_SSP2_Npi,875.2235,549.3273,454.1551,409.503,358.513,328.8077,303.706,285.8806,271.4158,3836.532
REMIND-MAgPIE 2.1-4.3,875.2235,549.3273,454.1551,409.503,358.513,328.8077,303.706,285.8806,271.4158,3836.532
Diff_1300Gt_hybrid_def,1014.373,597.8,491.7304,456.2501,240.4483,240.6311,240.787,240.9589,240.9968,3763.9756
REMIND-MAgPIE 2.0-4.1,1014.373,597.8,491.7304,456.2501,240.4483,240.6311,240.787,240.9589,240.9968,3763.9756
Diff_1300Gt_no-transfer_def,1014.373,586.0769,493.7486,458.5869,240.3527,240.5305,240.6615,240.8131,240.8583,3756.0015
REMIND-MAgPIE 2.0-4.1,1014.373,586.0769,493.7486,458.5869,240.3527,240.5305,240.6615,240.8131,240.8583,3756.0015
Diff_1300Gt_uniform-pricing_def,1014.373,601.3327,491.1328,455.4435,240.4945,240.6822,240.8483,241.0272,241.0812,3766.4154
REMIND-MAgPIE 2.0-4.1,1014.373,601.3327,491.1328,455.4435,240.4945,240.6822,240.8483,241.0272,241.0812,3766.4154
Diff_No-policy_baseline,1088.1082,765.5705,611.712,529.4575,240.4997,240.6737,240.8064,240.9483,241.0298,4198.8061
REMIND-MAgPIE 2.0-4.1,1088.1082,765.5705,611.712,529.4575,240.4997,240.6737,240.8064,240.9483,241.0298,4198.8061
EN_INDCi2030_1000,4968.705427,3317.013538,2515.305573,2376.294507,2275.144403,2191.073839,2116.166411,2076.045,2054.475276,23890.22397
GEM-E3_V2021,1398.597412,1224.339263,1079.090554,1002.654826,952.9532481,898.701152,847.3456345,822.9967567,813.2907464,9039.969593
POLES ENGAGE,1630.224487,1147.486206,784.0023193,759.555481,746.5409546,741.6218872,739.197876,737.3763428,736.6680298,8022.673584
REMIND-MAgPIE 2.1-4.2,878.5228,486.5456,375.2777,337.1492,298.7152,273.8158,252.6879,238.7369,227.5815,3369.0326
WITCH 5.0,1061.360728,458.6424685,276.935,276.935,276.935,276.935,276.935,276.935,276.935,3458.548197
EN_INDCi2030_1000_COV,3909.678358,2904.470858,2257.475885,2115.348716,2010.369061,1926.041008,1850.875459,1810.735322,1788.53031,20573.52498
GEM-E3_V2021,1398.58803,1225.991806,1079.423374,1002.949222,952.8921205,898.6625472,846.2311971,823.1470066,813.5234825,9041.408786
POLES ENGAGE,1630.548828,1178.243652,788.6964111,762.2236938,748.1415405,742.437561,740.0838623,737.7910156,736.8707275,8065.037292
REMIND-MAgPIE 2.1-4.2,880.5415,500.2354,389.3561,350.1758,309.3354,284.9409,264.5604,249.7973,238.1361,3467.0789
EN_INDCi2030_1000_COV_NDCp,3909.678358,2859.402296,2261.301702,2115.965397,2010.202306,1925.550699,1850.874433,1810.756614,1788.591092,20532.3229
GEM-E3_V2021,1398.58803,1210.210589,1084.651577,1003.566142,953.2456962,898.2650999,846.1289566,823.2189488,813.61333,9031.48837
POLES ENGAGE,1630.548828,1156.654907,787.7302246,762.3711548,748.02771,742.473999,740.1259766,737.8045654,736.8833618,8042.620727
REMIND-MAgPIE 2.1-4.2,880.5415,492.5368,388.9199,350.0281,308.9289,284.8116,264.6195,249.7331,238.0944,3458.2138
EN_INDCi2030_1000_NDCp,4969.810164,3335.85426,2512.268039,2374.691058,2275.300083,2190.228053,2115.704477,2075.899894,2054.413668,23904.1697
GEM-E3_V2021,1398.597412,1209.04534,1078.995609,1002.675194,952.7204234,898.4455268,847.1819975,823.0679474,813.4016506,9024.131101
POLES ENGAGE,1631.329224,1210.174438,781.4086304,758.015564,747.2381592,741.0145264,738.753479,737.0428467,736.3300171,8081.306885
REMIND-MAgPIE 2.1-4.2,878.5228,478.4766,374.9288,337.0653,298.4065,273.833,252.834,238.8541,227.747,3360.6681
WITCH 5.0,1061.360728,438.1578822,276.935,276.935,276.935,276.935,276.935,276.935,276.935,3438.06361
EN_INDCi2030_1000f,7272.743427,5081.808638,4052.402651,3667.068078,3563.672788,3478.297958,3400.887723,3361.378995,3340.092772,37218.35303
AIM/CGE 2.2,2304.038,1764.7951,1525.8124,1286.8297,1286.8297,1286.8297,1286.8297,1286.8297,1286.8297,13315.6237
GEM-E3_V2021,1398.597412,1224.339263,1086.478099,1003.797262,953.3848848,898.1383113,844.6498617,821.6073476,813.011936,9044.004377
POLES ENGAGE,1630.224487,1147.486206,787.5785522,762.0587158,747.2608032,741.8907471,739.4151611,737.5157471,736.734436,8030.164856
REMIND-MAgPIE 2.1-4.2,878.5228,486.5456,375.5986,337.4474,299.2624,274.5042,253.058,238.4912,226.5817,3370.0119
WITCH 5.0,1061.360728,458.6424685,276.935,276.935,276.935,276.935,276.935,276.935,276.935,3458.548197
EN_INDCi2030_1000f_COV,3909.678358,2904.470858,2269.863139,2120.077218,2012.136246,1926.716024,1850.448661,1809.015838,1787.11027,20589.51661
GEM-E3_V2021,1398.58803,1225.991806,1086.662661,1004.003542,953.2874406,898.2478404,845.3678526,821.6547102,813.0156024,9046.819485
POLES ENGAGE,1630.548828,1178.243652,793.352478,765.135376,748.7727051,742.8928833,740.2658081,737.8931274,736.9544678,8074.059326
REMIND-MAgPIE 2.1-4.2,880.5415,500.2354,389.848,350.9383,310.0761,285.5753,264.815,249.468,237.1402,3468.6378
EN_INDCi2030_1000f_COV_NDCp,3909.678358,2859.400343,2267.977195,2121.321497,2011.089252,1927.086902,1850.777059,1809.078592,1787.215858,20543.62506
GEM-E3_V2021,1398.58803,1210.210589,1085.980538,1004.021761,952.3167958,898.5331708,845.5303962,821.7176401,813.0821935,9029.981114
POLES ENGAGE,1630.548828,1156.652954,792.1106567,766.1271362,748.8924561,743.0148315,740.3916626,737.9228516,736.9884644,8052.649841
REMIND-MAgPIE 2.1-4.2,880.5415,492.5368,389.886,351.1726,309.88,285.5389,264.855,249.4381,237.1452,3460.9941
EN_INDCi2030_1000f_NDCp,4969.810164,3335.853772,2538.480706,2381.095958,2278.865414,2191.492828,2114.010174,2074.426304,2053.173469,23937.20879
GEM-E3_V2021,1398.597412,1209.04534,1085.867084,1003.91204,953.5327207,898.2352478,844.7474394,821.671939,813.0471408,9028.656364
POLES ENGAGE,1631.329224,1210.17395,800.1876221,762.6779175,749.3356934,741.7700806,739.1824341,737.3186646,736.5217285,8108.497315
REMIND-MAgPIE 2.1-4.2,878.5228,478.4766,375.491,337.571,299.062,274.5525,253.1453,238.5007,226.6696,3361.9915
WITCH 5.0,1061.360728,438.1578822,276.935,276.935,276.935,276.935,276.935,276.935,276.935,3438.06361
EN_INDCi2030_1200,5874.146015,3857.469375,2972.10119,2668.380009,2613.464228,2584.56402,2561.090254,2543.796649,2530.57972,28205.59146
AIM/CGE 2.2,2304.038,1764.7951,1525.8124,1286.8297,1286.8297,1286.8297,1286.8297,1286.8297,1286.8297,13315.6237
POLES ENGAGE,1630.224487,1147.486206,788.9321899,763.4663086,747.4686279,742.1934204,739.5680542,737.5453491,736.7606201,8033.645263
REMIND-MAgPIE 2.1-4.2,878.5228,486.5456,380.4216,341.149,302.2309,278.6059,257.7575,242.4866,230.0544,3397.7743
WITCH 5.0,1061.360728,458.6424685,276.935,276.935,276.935,276.935,276.935,276.935,276.935,3458.548197
EN_INDCi2030_1200_NDCp,1061.360728,438.1578822,276.935,276.935,276.935,276.935,276.935,276.935,276.935,3438.06361
WITCH 5.0,1061.360728,438.1578822,276.935,276.935,276.935,276.935,276.935,276.935,276.935,3438.06361
EN_INDCi2030_1200f,5874.146015,3857.469375,2974.831351,2669.677015,2614.112523,2584.920083,2561.342885,2543.961093,2530.647875,28211.10821
AIM/CGE 2.2,2304.038,1764.7951,1525.8124,1286.8297,1286.8297,1286.8297,1286.8297,1286.8297,1286.8297,13315.6237
POLES ENGAGE,1630.224487,1147.486206,791.9275513,764.9077148,748.1157227,742.4553833,739.6865845,737.5997925,736.7791748,8039.182617
REMIND-MAgPIE 2.1-4.2,878.5228,486.5456,380.1564,341.0046,302.2321,278.7,257.8916,242.5966,230.104,3397.7537
WITCH 5.0,1061.360728,458.6424685,276.935,276.935,276.935,276.935,276.935,276.935,276.935,3458.548197
EN_INDCi2030_1200f_NDCp,1061.360728,438.1578822,276.935,276.935,276.935,276.935,276.935,276.935,276.935,3438.06361
WITCH 5.0,1061.360728,438.1578822,276.935,276.935,276.935,276.935,276.935,276.935,276.935,3438.06361
EN_INDCi2030_1400,7272.743427,5081.808638,4074.773314,3680.459907,3569.075543,3487.567354,3410.035964,3370.564351,3347.828162,37294.85666
AIM/CGE 2.2,2304.038,1764.7951,1525.8124,1286.8297,1286.8297,1286.8297,1286.8297,1286.8297,1286.8297,13315.6237
GEM-E3_V2021,1398.597412,1224.339263,1089.920946,1005.881056,952.7231057,900.1853429,845.5763333,823.1615219,813.6134762,9053.998457
POLES ENGAGE,1630.224487,1147.486206,795.347168,765.4098511,748.4609375,742.6068115,739.8143311,737.7493286,736.9083862,8044.007507
REMIND-MAgPIE 2.1-4.2,878.5228,486.5456,386.7578,345.4043,304.1268,281.0105,260.8806,245.8888,233.5416,3422.6788
WITCH 5.0,1061.360728,458.6424685,276.935,276.935,276.935,276.935,276.935,276.935,276.935,3458.548197
EN_INDCi2030_1400_NDCp,1061.360728,438.1578822,276.935,276.935,276.935,276.935,276.935,276.935,276.935,3438.06361
WITCH 5.0,1061.360728,438.1578822,276.935,276.935,276.935,276.935,276.935,276.935,276.935,3438.06361
EN_INDCi2030_1400f,7272.743427,5081.808638,4075.025816,3680.48426,3569.096238,3487.573986,3410.036433,3370.565985,3347.802515,37295.1373
AIM/CGE 2.2,2304.038,1764.7951,1525.8124,1286.8297,1286.8297,1286.8297,1286.8297,1286.8297,1286.8297,13315.6237
GEM-E3_V2021,1398.597412,1224.339263,1089.920946,1005.881056,952.7244522,900.18996,845.5769241,823.1613249,813.6182244,9054.009563
POLES ENGAGE,1630.224487,1147.486206,795.5996704,765.4342041,748.4802856,742.6088257,739.814209,737.7511597,736.8779907,8044.277038
REMIND-MAgPIE 2.1-4.2,878.5228,486.5456,386.7578,345.4043,304.1268,281.0105,260.8806,245.8888,233.5416,3422.6788
WITCH 5.0,1061.360728,458.6424685,276.935,276.935,276.935,276.935,276.935,276.935,276.935,3458.548197
EN_INDCi2030_1400f_NDCp,1061.360728,438.1578822,276.935,276.935,276.935,276.935,276.935,276.935,276.935,3438.06361
WITCH 5.0,1061.360728,438.1578822,276.935,276.935,276.935,276.935,276.935,276.935,276.935,3438.06361
EN_INDCi2030_1600,5874.146015,3857.469375,2993.659181,2679.726891,2619.116394,2589.485853,2566.464194,2549.53866,2536.70128,28266.30784
AIM/CGE 2.2,2304.038,1764.7951,1525.8124,1286.8297,1286.8297,1286.8297,1286.8297,1286.8297,1286.8297,13315.6237
POLES ENGAGE,1630.224487,1147.486206,798.3455811,765.873291,748.9960938,742.7790527,739.8757935,737.8443604,736.96698,8048.391846
REMIND-MAgPIE 2.1-4.2,878.5228,486.5456,392.5662,350.0889,306.3556,282.9421,262.8237,247.9296,235.9696,3443.7441
WITCH 5.0,1061.360728,458.6424685,276.935,276.935,276.935,276.935,276.935,276.935,276.935,3458.548197
EN_INDCi2030_1600_NDCp,1061.360728,438.1578822,276.935,276.935,276.935,276.935,276.935,276.935,276.935,3438.06361
WITCH 5.0,1061.360728,438.1578822,276.935,276.935,276.935,276.935,276.935,276.935,276.935,3438.06361
EN_INDCi2030_1600f,5874.146015,3857.469375,2993.659181,2679.726891,2619.116394,2589.485853,2566.464194,2549.53866,2536.70128,28266.30784
AIM/CGE 2.2,2304.038,1764.7951,1525.8124,1286.8297,1286.8297,1286.8297,1286.8297,1286.8297,1286.8297,13315.6237
POLES ENGAGE,1630.224487,1147.486206,798.3455811,765.873291,748.9960938,742.7790527,739.8757935,737.8443604,736.96698,8048.391846
REMIND-MAgPIE 2.1-4.2,878.5228,486.5456,392.5662,350.0889,306.3556,282.9421,262.8237,247.9296,235.9696,3443.7441
WITCH 5.0,1061.360728,458.6424685,276.935,276.935,276.935,276.935,276.935,276.935,276.935,3458.548197
EN_INDCi2030_1600f_NDCp,1061.360728,438.1578822,276.935,276.935,276.935,276.935,276.935,276.935,276.935,3438.06361
WITCH 5.0,1061.360728,438.1578822,276.935,276.935,276.935,276.935,276.935,276.935,276.935,3438.06361
EN_INDCi2030_1800,7272.743427,5081.808638,4098.473878,3699.297108,3577.808377,3496.009001,3423.811789,3374.826373,3353.522472,37378.30106
AIM/CGE 2.2,2304.038,1764.7951,1525.8124,1286.8297,1286.8297,1286.8297,1286.8297,1286.8297,1286.8297,13315.6237
GEM-E3_V2021,1398.597412,1224.339263,1096.444487,1013.267874,955.1768214,903.7050067,855.2044636,823.5395227,814.9837635,9085.258614
POLES ENGAGE,1630.224487,1147.486206,800.2930908,766.7402344,749.5044556,743.1340942,740.0239258,737.9239502,737.0866089,8052.417053
REMIND-MAgPIE 2.1-4.2,878.5228,486.5456,398.9889,355.5243,309.3624,285.4052,264.8187,249.5982,237.6874,3466.4535
WITCH 5.0,1061.360728,458.6424685,276.935,276.935,276.935,276.935,276.935,276.935,276.935,3458.548197
EN_INDCi2030_1800_NDCp,1061.360728,438.1578822,276.935,276.935,276.935,276.935,276.935,276.935,276.935,3438.06361
WITCH 5.0,1061.360728,438.1578822,276.935,276.935,276.935,276.935,276.935,276.935,276.935,3438.06361
EN_INDCi2030_1800f,7272.743427,5081.808638,4098.473878,3699.297108,3577.808377,3496.009001,3423.811789,3374.826373,3353.522472,37378.30106
AIM/CGE 2.2,2304.038,1764.7951,1525.8124,1286.8297,1286.8297,1286.8297,1286.8297,1286.8297,1286.8297,13315.6237
GEM-E3_V2021,1398.597412,1224.339263,1096.444487,1013.267874,955.1768214,903.7050067,855.2044636,823.5395227,814.9837635,9085.258614
POLES ENGAGE,1630.224487,1147.486206,800.2930908,766.7402344,749.5044556,743.1340942,740.0239258,737.9239502,737.0866089,8052.417053
REMIND-MAgPIE 2.1-4.2,878.5228,486.5456,398.9889,355.5243,309.3624,285.4052,264.8187,249.5982,237.6874,3466.4535
WITCH 5.0,1061.360728,458.6424685,276.935,276.935,276.935,276.935,276.935,276.935,276.935,3458.548197
EN_INDCi2030_1800f_NDCp,1061.360728,438.1578822,276.935,276.935,276.935,276.935,276.935,276.935,276.935,3438.06361
WITCH 5.0,1061.360728,438.1578822,276.935,276.935,276.935,276.935,276.935,276.935,276.935,3438.06361
EN_INDCi2030_2000,3570.108015,2092.674275,1484.505062,1404.985099,1339.264126,1308.882601,1284.911755,1266.366031,1250.723929,15002.42089
POLES ENGAGE,1630.224487,1147.486206,801.1299438,766.911499,749.6713257,743.3161011,740.138855,738.0112305,737.1644287,8054.054077
REMIND-MAgPIE 2.1-4.2,878.5228,486.5456,404.0458,361.1386,312.6578,288.6315,267.8379,251.4198,236.6245,3487.4243
WITCH 5.0,1061.360728,458.6424685,279.3293178,276.935,276.935,276.935,276.935,276.935,276.935,3460.942514
EN_INDCi2030_2000_NDCp,1061.360728,438.1578822,276.935,276.935,276.935,276.935,276.935,276.935,276.935,3438.06361
WITCH 5.0,1061.360728,438.1578822,276.935,276.935,276.935,276.935,276.935,276.935,276.935,3438.06361
EN_INDCi2030_2000f,3570.108015,2092.674275,1483.282362,1403.363599,1338.463126,1307.836401,1283.937055,1266.176231,1253.077829,14998.91889
POLES ENGAGE,1630.224487,1147.486206,801.1299438,766.911499,749.6713257,743.3161011,740.138855,738.0112305,737.1644287,8054.054077
REMIND-MAgPIE 2.1-4.2,878.5228,486.5456,402.8231,359.5171,311.8568,287.5853,266.8632,251.23,238.9784,3483.9223
WITCH 5.0,1061.360728,458.6424685,279.3293178,276.935,276.935,276.935,276.935,276.935,276.935,3460.942514
EN_INDCi2030_2000f_NDCp,1061.360728,438.1578822,276.935,276.935,276.935,276.935,276.935,276.935,276.935,3438.06361
WITCH 5.0,1061.360728,438.1578822,276.935,276.935,276.935,276.935,276.935,276.935,276.935,3438.06361
EN_INDCi2030_2500,3570.108015,2092.674275,1494.863485,1410.325959,1344.471249,1312.895264,1288.33197,1269.953735,1256.147867,15039.77182
POLES ENGAGE,1630.224487,1147.486206,803.0450439,767.8183594,750.7281494,744.3728638,740.9746704,738.7084351,737.8612671,8061.219482
REMIND-MAgPIE 2.1-4.2,878.5228,486.5456,407.1445,365.5726,316.8081,291.5874,270.4223,254.3103,241.3516,3512.2652
WITCH 5.0,1061.360728,458.6424685,284.6739413,276.935,276.935,276.935,276.935,276.935,276.935,3466.287138
EN_INDCi2030_2500_NDCp,1061.360728,438.1578822,279.9253621,276.935,276.935,276.935,276.935,276.935,276.935,3441.053972
WITCH 5.0,1061.360728,438.1578822,279.9253621,276.935,276.935,276.935,276.935,276.935,276.935,3441.053972
EN_INDCi2030_2500f,3570.108015,2092.674275,1494.880485,1410.344759,1344.477849,1312.900364,1288.34057,1269.959335,1256.148767,15039.83442
POLES ENGAGE,1630.224487,1147.486206,803.0450439,767.8183594,750.7281494,744.3728638,740.9746704,738.7084351,737.8612671,8061.219482
REMIND-MAgPIE 2.1-4.2,878.5228,486.5456,407.1615,365.5914,316.8147,291.5925,270.4309,254.3159,241.3525,3512.3278
WITCH 5.0,1061.360728,458.6424685,284.6739413,276.935,276.935,276.935,276.935,276.935,276.935,3466.287138
EN_INDCi2030_2500f_NDCp,1061.360728,438.1578822,279.9253621,276.935,276.935,276.935,276.935,276.935,276.935,3441.053972
WITCH 5.0,1061.360728,438.1578822,279.9253621,276.935,276.935,276.935,276.935,276.935,276.935,3441.053972
EN_INDCi2030_3000,3570.108015,2092.674275,1505.156219,1416.433999,1349.355631,1316.559234,1291.929083,1273.211967,1258.936371,15074.36479
POLES ENGAGE,1630.224487,1147.486206,804.0366821,768.4338989,751.5372314,744.7543335,741.4954834,739.1784668,738.2376709,8065.38446
REMIND-MAgPIE 2.1-4.2,878.5228,486.5456,411.6949,371.0651,320.8834,294.8699,273.4986,257.0985,243.7637,3537.9425
WITCH 5.0,1061.360728,458.6424685,289.4246368,276.935,276.935,276.935,276.935,276.935,276.935,3471.037833
EN_INDCi2030_3000_NDCp,1061.360728,438.1578822,285.0966564,276.935,276.935,276.935,276.935,276.935,276.935,3446.225267
WITCH 5.0,1061.360728,438.1578822,285.0966564,276.935,276.935,276.935,276.935,276.935,276.935,3446.225267
EN_INDCi2030_3000f,3570.108015,2092.674275,1505.116119,1416.373199,1349.282831,1316.516834,1291.909383,1273.192367,1258.882071,15074.05509
POLES ENGAGE,1630.224487,1147.486206,804.0366821,768.4338989,751.5372314,744.7543335,741.4954834,739.1784668,738.2376709,8065.38446
REMIND-MAgPIE 2.1-4.2,878.5228,486.5456,411.6548,371.0043,320.8106,294.8275,273.4789,257.0789,243.7094,3537.6328
WITCH 5.0,1061.360728,458.6424685,289.4246368,276.935,276.935,276.935,276.935,276.935,276.935,3471.037833
EN_INDCi2030_3000f_NDCp,1061.360728,438.1578822,285.0966564,276.935,276.935,276.935,276.935,276.935,276.935,3446.225267
WITCH 5.0,1061.360728,438.1578822,285.0966564,276.935,276.935,276.935,276.935,276.935,276.935,3446.225267
EN_INDCi2030_300f,2508.747287,1634.031806,1151.572449,1088.4678,1033.439249,1001.599641,976.8509967,960.4429917,948.4938046,11303.64603
POLES ENGAGE,1630.224487,1147.486206,783.0406494,759.9020996,745.6479492,741.1368408,738.7615967,736.9664917,736.2597046,8019.426025
REMIND-MAgPIE 2.1-4.2,878.5228,486.5456,368.5318,328.5657,287.7913,260.4628,238.0894,223.4765,212.2341,3284.22
EN_INDCi2030_400f,2508.747287,1634.031806,1152.418855,1089.811152,1036.234929,1004.683729,979.554142,962.5239716,950.0081874,11318.01406
POLES ENGAGE,1630.224487,1147.486206,783.0633545,759.7212524,745.9050293,741.2717285,738.868042,737.0808716,736.3270874,8019.948059
REMIND-MAgPIE 2.1-4.2,878.5228,486.5456,369.3555,330.0899,290.3299,263.412,240.6861,225.4431,213.6811,3298.066
EN_INDCi2030_500f,3570.108015,2092.674275,1430.709752,1368.345833,1316.032708,1284.828395,1259.751526,1241.912982,1228.780295,14793.14378
POLES ENGAGE,1630.224487,1147.486206,783.4806519,759.7142334,746.2528076,741.3699951,739.0770264,737.2241821,736.5043945,8021.333984
REMIND-MAgPIE 2.1-4.2,878.5228,486.5456,370.2941,331.6966,292.8449,266.5234,243.7395,227.7538,215.3409,3313.2616
WITCH 5.0,1061.360728,458.6424685,276.935,276.935,276.935,276.935,276.935,276.935,276.935,3458.548197
EN_INDCi2030_600_COV,880.5415,500.2354,380.8129,343.5351,308.0719,283.6317,263.5299,249.1631,237.3858,3446.9073
REMIND-MAgPIE 2.1-4.2,880.5415,500.2354,380.8129,343.5351,308.0719,283.6317,263.5299,249.1631,237.3858,3446.9073
EN_INDCi2030_600_COV_NDCp,880.5415,492.5368,380.9856,343.794,307.5486,283.3439,263.44,249.1953,237.4647,3438.8504
REMIND-MAgPIE 2.1-4.2,880.5415,492.5368,380.9856,343.794,307.5486,283.3439,263.44,249.1953,237.4647,3438.8504
EN_INDCi2030_600f,4968.705427,3320.692751,2565.646181,2416.613977,2297.433397,2217.300242,2154.569539,2106.069711,2067.146883,24114.17811
GEM-E3_V2021,1398.597412,1228.018476,1133.165498,1046.638453,979.4132595,929.8942057,891.7095415,861.2471612,836.3180098,9305.002017
POLES ENGAGE,1630.224487,1147.486206,783.8621826,759.6594238,746.3807373,741.4797363,739.2120972,737.3531494,736.5396729,8022.197693
REMIND-MAgPIE 2.1-4.2,878.5228,486.5456,371.6835,333.3811,294.7044,268.9913,246.7129,230.5344,217.3542,3328.4302
WITCH 5.0,1061.360728,458.6424685,276.935,276.935,276.935,276.935,276.935,276.935,276.935,3458.548197
EN_INDCi2030_600f_COV,3909.678358,2906.484358,2303.214363,2153.237753,2032.7729,1952.476922,1890.551959,1842.158175,1803.21499,20793.78978
GEM-E3_V2021,1398.58803,1228.005306,1133.165954,1046.65993,979.450129,929.9384196,891.7567163,861.2953759,836.3665004,9305.226361
POLES ENGAGE,1630.548828,1178.243652,787.3991089,761.3787231,747.6704712,742.2525024,739.9388428,737.723999,736.8212891,8061.977417
REMIND-MAgPIE 2.1-4.2,880.5415,500.2354,382.6493,345.1991,305.6523,280.286,258.8564,243.1388,230.0272,3426.586
EN_INDCi2030_600f_COV_NDCp,3909.678358,2877.079512,2302.374433,2153.366452,2032.426786,1952.54196,1890.757318,1842.397036,1803.444836,20764.06669
GEM-E3_V2021,1398.58803,1227.889758,1133.167478,1046.695263,979.495326,929.9870999,891.8084869,861.3482267,836.4193122,9305.398981
POLES ENGAGE,1630.548828,1156.652954,786.5008545,761.3306885,747.5412598,742.3360596,740.0018311,737.7647095,736.8422241,8039.519409
REMIND-MAgPIE 2.1-4.2,880.5415,492.5368,382.7061,345.3405,305.3902,280.2188,258.947,243.2841,230.1833,3419.1483
EN_INDCi2030_600f_NDCp,4969.810164,3354.718363,2562.773181,2415.256224,2297.590917,2216.666813,2154.173167,2105.590859,2066.875995,24143.45568
GEM-E3_V2021,1398.597412,1227.909443,1133.166973,1046.671526,979.4575381,929.942907,891.760907,861.299865,836.3710224,9305.177594
POLES ENGAGE,1631.329224,1210.174438,781.4403076,758.4703979,747.003479,741.0310059,738.93396,736.9960938,736.2672729,8081.646179
REMIND-MAgPIE 2.1-4.2,878.5228,478.4766,371.2309,333.1793,294.1949,268.7579,246.5433,230.3599,217.3027,3318.5683
WITCH 5.0,1061.360728,438.1578822,276.935,276.935,276.935,276.935,276.935,276.935,276.935,3438.06361
EN_INDCi2030_700,878.5228,486.5456,364.502,328.1166,295.0063,271.9297,252.9401,239.5293,228.0877,3345.1801
REMIND-MAgPIE 2.1-4.2,878.5228,486.5456,364.502,328.1166,295.0063,271.9297,252.9401,239.5293,228.0877,3345.1801
EN_INDCi2030_700f,3570.108015,2092.674275,1433.228144,1371.015509,1319.031357,1288.796057,1264.788439,1247.017796,1232.735219,14819.39481
POLES ENGAGE,1630.224487,1147.486206,784.0721436,759.8496094,746.7179565,741.7757568,739.3973389,737.4360962,736.6497192,8023.609314
REMIND-MAgPIE 2.1-4.2,878.5228,486.5456,372.221,334.2309,295.3784,270.0853,248.4561,232.6467,219.1505,3337.2373
WITCH 5.0,1061.360728,458.6424685,276.935,276.935,276.935,276.935,276.935,276.935,276.935,3458.548197
EN_INDCi2030_700f_NDCp,1061.360728,438.1578822,276.935,276.935,276.935,276.935,276.935,276.935,276.935,3438.06361
WITCH 5.0,1061.360728,438.1578822,276.935,276.935,276.935,276.935,276.935,276.935,276.935,3438.06361
EN_INDCi2030_800,3338.48094,2173.206545,1777.359963,1653.433311,1551.525877,1478.959587,1421.532301,1377.826488,1341.373393,16113.6984
GEM-E3_V2021,1398.597412,1228.018476,1133.164963,1046.641911,979.4115767,929.878487,891.6747012,861.2030883,836.2632925,9304.853908
REMIND-MAgPIE 2.1-4.2,878.5228,486.5456,367.26,329.8564,295.1793,272.1461,252.9226,239.6884,228.1751,3350.2963
WITCH 5.0,1061.360728,458.6424685,276.935,276.935,276.935,276.935,276.935,276.935,276.935,3458.548197
EN_INDCi2030_800_NDCp,1061.360728,438.1578822,276.935,276.935,276.935,276.935,276.935,276.935,276.935,3438.06361
WITCH 5.0,1061.360728,438.1578822,276.935,276.935,276.935,276.935,276.935,276.935,276.935,3438.06361
EN_INDCi2030_800f,7272.743427,5085.487851,4093.91007,3705.809839,3586.499702,3506.914726,3444.840252,3397.017747,3357.948084,37451.1717
AIM/CGE 2.2,2304.038,1764.7951,1525.8124,1286.8297,1286.8297,1286.8297,1286.8297,1286.8297,1286.8297,13315.6237
GEM-E3_V2021,1398.597412,1228.018476,1133.165715,1046.642643,979.4055846,929.8787503,891.6897962,861.2325412,836.2965996,9304.927518
POLES ENGAGE,1630.224487,1147.486206,784.8216553,760.0881958,746.8206177,741.8275757,739.3794556,737.3883057,736.6287842,8024.665283
REMIND-MAgPIE 2.1-4.2,878.5228,486.5456,373.1753,335.3143,296.5088,271.4437,250.0063,234.6322,221.258,3347.407
WITCH 5.0,1061.360728,458.6424685,276.935,276.935,276.935,276.935,276.935,276.935,276.935,3458.548197
EN_INDCi2030_800f_NDCp,1061.360728,438.1578822,276.935,276.935,276.935,276.935,276.935,276.935,276.935,3438.06361
WITCH 5.0,1061.360728,438.1578822,276.935,276.935,276.935,276.935,276.935,276.935,276.935,3438.06361
EN_INDCi2030_900,3570.108015,2092.674275,1432.467636,1370.655083,1318.151114,1289.862882,1268.314255,1253.118084,1241.043293,14836.39464
POLES ENGAGE,1630.224487,1147.486206,782.9089355,759.3574829,745.1895142,740.9564819,739.2685547,737.5532837,736.7955933,8019.740539
REMIND-MAgPIE 2.1-4.2,878.5228,486.5456,372.6237,334.3626,296.0266,271.9714,252.1107,238.6298,227.3127,3358.1059
WITCH 5.0,1061.360728,458.6424685,276.935,276.935,276.935,276.935,276.935,276.935,276.935,3458.548197
EN_INDCi2030_900_NDCp,1061.360728,438.1578822,276.935,276.935,276.935,276.935,276.935,276.935,276.935,3438.06361
WITCH 5.0,1061.360728,438.1578822,276.935,276.935,276.935,276.935,276.935,276.935,276.935,3438.06361
EN_INDCi2030_900f,5874.146015,3857.469375,2963.42079,2661.018707,2608.576202,2578.492714,2554.974304,2538.379427,2524.663483,28161.14102
AIM/CGE 2.2,2304.038,1764.7951,1525.8124,1286.8297,1286.8297,1286.8297,1286.8297,1286.8297,1286.8297,13315.6237
POLES ENGAGE,1630.224487,1147.486206,786.3873901,760.9320068,747.0921021,741.859314,739.5014038,737.6171265,736.7324829,8027.832519
REMIND-MAgPIE 2.1-4.2,878.5228,486.5456,374.286,336.322,297.7194,272.8687,251.7082,236.9976,224.1663,3359.1366
WITCH 5.0,1061.360728,458.6424685,276.935,276.935,276.935,276.935,276.935,276.935,276.935,3458.548197
EN_INDCi2030_900f_NDCp,1061.360728,438.1578822,276.935,276.935,276.935,276.935,276.935,276.935,276.935,3438.06361
WITCH 5.0,1061.360728,438.1578822,276.935,276.935,276.935,276.935,276.935,276.935,276.935,3438.06361
EN_INDCi2100,7273.848164,5179.173628,4287.438432,3766.476185,3611.264386,3521.238107,3450.559098,3406.84747,3373.934884,37870.78035
AIM/CGE 2.2,2304.038,1764.7951,1525.8124,1286.8297,1286.8297,1286.8297,1286.8297,1286.8297,1286.8297,13315.6237
GEM-E3_V2021,1398.597412,1224.339263,1128.476631,1035.783675,967.6732497,918.0277425,875.5830694,850.5934282,832.2234904,9231.297961
POLES ENGAGE,1631.329224,1244.851196,956.8608398,814.4074097,769.9797363,752.7738647,744.7316284,741.2524414,738.9783936,8395.164734
REMIND-MAgPIE 2.1-4.2,878.5228,486.5456,394.4982,352.5204,309.8467,286.6718,266.4797,251.2369,238.9683,3465.2904
WITCH 5.0,1061.360728,458.6424685,281.7903613,276.935,276.935,276.935,276.935,276.935,276.935,3463.403558
EN_INDCi2100_COV,3910.784071,2985.588534,2498.55606,2218.885655,2060.350128,1967.662849,1895.633752,1850.049285,1816.819318,21204.32965
GEM-E3_V2021,1398.58803,1225.991806,1129.053731,1036.460142,968.0169135,918.1439623,875.7491743,850.8307862,832.468738,9235.303283
POLES ENGAGE,1631.654541,1259.361328,961.8248291,817.9854126,773.6671143,755.1583862,746.1696777,741.6437988,739.3018799,8426.766968
REMIND-MAgPIE 2.1-4.2,880.5415,500.2354,407.6775,364.4401,318.6661,294.3605,273.7149,257.5747,245.0487,3542.2594
EN_INDCi2100_COV_NDCp,3910.784071,2927.858229,2445.071456,2200.915264,2055.942312,1963.641429,1894.793556,1849.080977,1815.650327,21063.73762
GEM-E3_V2021,1398.58803,1210.210589,1125.154521,1029.263015,967.6434645,916.086328,875.7187274,850.8451505,831.8000586,9205.309884
POLES ENGAGE,1631.654541,1225.11084,912.7261353,805.9698486,769.2964478,753.1911011,745.3342285,740.6218262,738.7752686,8322.680237
REMIND-MAgPIE 2.1-4.2,880.5415,492.5368,407.1908,365.6824,319.0024,294.364,273.7406,257.614,245.075,3535.7475
EN_INDCi2100_NDCp,4969.810164,3335.85426,2699.613703,2459.897092,2319.559035,2230.363174,2162.295631,2118.732951,2085.536116,24381.66213
GEM-E3_V2021,1398.597412,1209.04534,1124.60267,1028.690687,967.279767,915.8861075,875.5346723,850.5923167,831.2268431,9201.455816
POLES ENGAGE,1631.329224,1210.174438,903.2991333,800.6925049,765.5700684,751.0227661,743.4350586,740.0704346,738.4500732,8284.043701
REMIND-MAgPIE 2.1-4.2,878.5228,478.4766,394.7769,353.5789,309.7742,286.5193,266.3909,251.1352,238.9242,3458.099
WITCH 5.0,1061.360728,438.1578822,276.935,276.935,276.935,276.935,276.935,276.935,276.935,3438.06361
EN_NoPolicy,1972.498528,1197.123354,812.7664342,682.5698,626.3128,594.5981,567.0051,546.491,530.894,7530.259116
REMIND-MAgPIE 2.1-4.2,911.1378,571.246,460.1349,405.6348,349.3778,317.6631,290.0701,269.556,253.959,3828.7795
WITCH 5.0,1061.360728,625.8773537,352.6315342,276.935,276.935,276.935,276.935,276.935,276.935,3701.479616
EN_NPi2020_1000,4968.662092,3147.786914,2522.077673,2382.087026,2276.48546,2195.04936,2120.225816,2078.220161,2056.995711,23747.59021
GEM-E3_V2021,1398.597412,1192.820342,1084.571076,1002.963917,952.8545091,899.4852835,847.9181192,822.7605847,814.4342117,9016.405455
POLES ENGAGE,1630.181152,1035.499878,789.3688965,764.3366089,747.0666504,742.5457764,739.6011963,737.6660767,736.9020996,7923.168335
REMIND-MAgPIE 2.1-4.2,878.5228,449.6383,371.2027,337.8515,299.6293,276.0833,255.7715,240.8585,228.7244,3338.2823
WITCH 5.0,1061.360728,469.8283937,276.935,276.935,276.935,276.935,276.935,276.935,276.935,3469.734122
EN_NPi2020_1000_COV,3909.556044,2761.650301,2264.19927,2120.356997,2010.48979,1928.60148,1851.391353,1811.21723,1788.729648,20446.19211
GEM-E3_V2021,1398.58803,1194.471824,1086.009015,1003.375289,952.7953229,899.9652206,845.4436008,822.7409253,813.1581424,9016.54737
POLES ENGAGE,1630.426514,1097.375977,792.4159546,766.5252075,748.5841675,743.4303589,740.5113525,738.1170044,737.1430054,7994.529542
REMIND-MAgPIE 2.1-4.2,880.5415,469.8025,385.7743,350.4565,309.1103,285.2059,265.4364,250.3593,238.4285,3435.1152
EN_NPi2020_1000f,4968.662092,3258.188298,2527.527856,2385.071978,2274.323445,2193.598622,2117.247171,2076.771662,2055.053143,23856.44427
GEM-E3_V2021,1398.597412,1200.91841,1085.258578,1004.012383,949.1743391,897.7009204,844.6244216,821.1686594,812.6026967,9014.05782
POLES ENGAGE,1630.181152,1122.615479,793.1920776,765.3345947,747.8482056,742.3786011,739.5854492,737.6051025,736.7928467,8015.533508
REMIND-MAgPIE 2.1-4.2,878.5228,451.3766,372.1422,338.79,300.3659,276.5841,256.1023,241.0629,228.7226,3343.6694
WITCH 5.0,1061.360728,483.277809,276.935,276.935,276.935,276.935,276.935,276.935,276.935,3483.183537
EN_NPi2020_1000f_COV,3909.556044,2844.040521,2271.992331,2123.649173,2008.934914,1926.952579,1851.071354,1809.678693,1787.603838,20533.47945
GEM-E3_V2021,1398.58803,1201.847798,1084.663467,1004.72641,949.5012276,897.7264238,844.8452345,821.2686827,812.664429,9015.831703
POLES ENGAGE,1630.426514,1161.811523,799.1676636,767.4046631,749.3411865,743.1966553,740.3372192,737.9334106,736.9439087,8066.562744
REMIND-MAgPIE 2.1-4.2,880.5415,480.3812,388.1612,351.5181,310.0925,286.0295,265.8889,250.4766,237.9955,3451.085
EN_NPi2020_1200,3570.06468,2048.155149,1448.046068,1384.624966,1326.676873,1298.807579,1275.864159,1258.700618,1244.787022,14855.72711
POLES ENGAGE,1630.181152,1085.742065,793.3023682,766.4873657,747.8792725,742.7404785,739.782959,737.7982178,736.9871216,7980.901
REMIND-MAgPIE 2.1-4.2,878.5228,464.373,377.8087,341.2026,301.8626,279.1321,259.1462,243.9674,230.8649,3376.8803
WITCH 5.0,1061.360728,498.0400844,276.935,276.935,276.935,276.935,276.935,276.935,276.935,3497.945812
EN_NPi2020_1200f,3570.06468,2108.31214,1454.785447,1384.779626,1328.335027,1299.15496,1276.145311,1258.968286,1245.247473,14925.79295
POLES ENGAGE,1630.181152,1131.378784,797.9980469,765.7739258,748.630127,742.6167603,739.718811,737.6901855,736.807373,8030.795166
REMIND-MAgPIE 2.1-4.2,878.5228,474.5245,379.8524,342.0707,302.7699,279.6032,259.4915,244.3431,231.5051,3392.6832
WITCH 5.0,1061.360728,502.4088555,276.935,276.935,276.935,276.935,276.935,276.935,276.935,3502.314584
EN_NPi2020_1400,4968.662092,3328.575104,2546.983892,2394.478483,2282.484669,2200.793173,2123.636545,2084.154508,2061.248228,23991.01669
GEM-E3_V2021,1398.597412,1203.002425,1083.608749,1005.865128,952.0265751,899.7218858,845.3742285,822.7423821,812.9368195,9023.875605
POLES ENGAGE,1630.181152,1135.25647,800.9294434,766.1836548,749.0408936,742.7338867,739.7993164,737.8635254,737.0111084,8038.999451
REMIND-MAgPIE 2.1-4.2,878.5228,478.2274,385.5107,345.4947,304.4822,281.4024,261.528,246.6136,234.3653,3416.1471
WITCH 5.0,1061.360728,512.0888093,276.935,276.935,276.935,276.935,276.935,276.935,276.935,3511.994537
EN_NPi2020_1400f,4968.662092,3330.549124,2547.808538,2394.640409,2282.738692,2200.913633,2123.691166,2084.168747,2061.20566,23994.37806
GEM-E3_V2021,1398.597412,1203.002425,1083.608749,1005.865128,952.0271802,899.7220458,845.3749554,822.7422168,812.94369,9023.883802
POLES ENGAGE,1630.181152,1135.911865,801.7540894,766.3455811,749.2943115,742.854187,739.8532104,737.8779297,736.9616699,8041.033996
REMIND-MAgPIE 2.1-4.2,878.5228,478.2274,385.5107,345.4947,304.4822,281.4024,261.528,246.6136,234.3653,3416.1471
WITCH 5.0,1061.360728,513.4074343,276.935,276.935,276.935,276.935,276.935,276.935,276.935,3513.313162
EN_NPi2020_1600,3570.06468,2149.012721,1472.746823,1393.699416,1333.159232,1303.492037,1280.132269,1263.175195,1250.364458,15015.84683
POLES ENGAGE,1630.181152,1135.25647,803.4105225,767.0811157,749.5726318,743.1578369,739.9627686,737.954895,737.0741577,8043.65155
REMIND-MAgPIE 2.1-4.2,878.5228,485.5416,392.4013,349.6833,306.6516,283.3992,263.2345,248.2853,236.3553,3444.0749
WITCH 5.0,1061.360728,528.2146509,276.935,276.935,276.935,276.935,276.935,276.935,276.935,3528.120379
EN_NPi2020_1600f,3570.06468,2150.961286,1472.746823,1393.699416,1333.159293,1303.492037,1280.132269,1263.174951,1250.343401,15017.77415
POLES ENGAGE,1630.181152,1135.25647,803.4105225,767.0811157,749.5726929,743.1578369,739.9627686,737.9546509,737.0531006,8043.63031
REMIND-MAgPIE 2.1-4.2,878.5228,485.5416,392.4013,349.6833,306.6516,283.3992,263.2345,248.2853,236.3553,3444.0749
WITCH 5.0,1061.360728,530.163216,276.935,276.935,276.935,276.935,276.935,276.935,276.935,3530.068944
EN_NPi2020_1800,7272.700092,5143.533123,4110.908462,3700.510277,3579.200261,3497.960515,3425.011612,3375.337451,3351.155087,37456.31688
AIM/CGE 2.2,2304.038,1764.7951,1525.8124,1286.8297,1286.8297,1286.8297,1286.8297,1286.8297,1286.8297,13315.6237
GEM-E3_V2021,1398.597412,1202.899826,1097.585111,1013.315009,955.5546884,904.1117429,855.2800068,823.6599419,814.6719104,9065.675648
POLES ENGAGE,1630.181152,1135.25647,804.9229736,767.4143677,749.8438721,743.4464722,740.0982056,738.0465088,737.1754761,8046.385498
REMIND-MAgPIE 2.1-4.2,878.5228,493.2803,400.9295,356.0162,310.037,286.6376,265.8687,249.8663,235.543,3476.7014
WITCH 5.0,1061.360728,547.3014274,281.6584774,276.935,276.935,276.935,276.935,276.935,276.935,3551.930633
EN_NPi2020_1800f,7272.700092,5141.665023,4109.144662,3699.017977,3578.546661,3497.034215,3424.153412,3375.151551,3353.363787,37450.77738
AIM/CGE 2.2,2304.038,1764.7951,1525.8124,1286.8297,1286.8297,1286.8297,1286.8297,1286.8297,1286.8297,13315.6237
GEM-E3_V2021,1398.597412,1202.899826,1097.585111,1013.315009,955.5546884,904.1117429,855.2800068,823.6599419,814.6719104,9065.675648
POLES ENGAGE,1630.181152,1135.25647,804.9229736,767.4143677,749.8438721,743.4464722,740.0982056,738.0465088,737.1754761,8046.385498
REMIND-MAgPIE 2.1-4.2,878.5228,491.4122,399.1657,354.5239,309.3834,285.7113,265.0105,249.6804,237.7517,3471.1619
WITCH 5.0,1061.360728,547.3014274,281.6584774,276.935,276.935,276.935,276.935,276.935,276.935,3551.930633
EN_NPi2020_2000,3570.06468,2190.953884,1500.457708,1404.115658,1339.600935,1309.454728,1285.006867,1266.449584,1250.811709,15116.91575
POLES ENGAGE,1630.181152,1135.25647,805.0695801,767.6543579,750.2178345,743.7457275,740.2857666,738.1782837,737.2871094,8047.876282
REMIND-MAgPIE 2.1-4.2,878.5228,496.1162,404.8255,359.5263,312.4481,288.774,267.7861,251.3363,236.5896,3495.9249
WITCH 5.0,1061.360728,559.5812139,290.5626281,276.935,276.935,276.935,276.935,276.935,276.935,3573.11457
EN_NPi2020_2000f,3570.06468,2189.736484,1499.207808,1402.812858,1338.999635,1308.587128,1284.185267,1266.330284,1253.241309,15113.16545
POLES ENGAGE,1630.181152,1135.25647,805.0695801,767.6543579,750.2178345,743.7457275,740.2857666,738.1782837,737.2871094,8047.876282
REMIND-MAgPIE 2.1-4.2,878.5228,494.8988,403.5756,358.2235,311.8468,287.9064,266.9645,251.217,239.0192,3492.1746
WITCH 5.0,1061.360728,559.5812139,290.5626281,276.935,276.935,276.935,276.935,276.935,276.935,3573.11457
EN_NPi2020_200f,878.5228,418.0952,357.945,327.3756,285.4277,260.1017,239.203,224.2704,212.72,3203.6614
REMIND-MAgPIE 2.1-4.2,878.5228,418.0952,357.945,327.3756,285.4277,260.1017,239.203,224.2704,212.72,3203.6614
EN_NPi2020_2500,3570.06468,2248.656575,1532.674569,1410.186325,1345.473995,1313.543734,1288.469052,1269.950021,1256.204232,15235.22318
POLES ENGAGE,1630.181152,1158.810669,808.9337769,768.4802246,751.6376953,744.642334,741.145752,738.8939209,737.9924316,8080.717956
REMIND-MAgPIE 2.1-4.2,878.5228,499.9825,410.1299,364.7711,316.9013,291.9664,270.3883,254.1211,241.2768,3528.0602
WITCH 5.0,1061.360728,589.8634055,313.6108921,276.935,276.935,276.935,276.935,276.935,276.935,3626.445026
EN_NPi2020_2500f,3570.06468,2248.609075,1532.638169,1410.171225,1345.469495,1313.539634,1288.465252,1269.947821,1256.203432,15235.10878
POLES ENGAGE,1630.181152,1158.810669,808.9337769,768.4802246,751.6376953,744.642334,741.145752,738.8939209,737.9924316,8080.717956
REMIND-MAgPIE 2.1-4.2,878.5228,499.935,410.0935,364.756,316.8968,291.9623,270.3845,254.1189,241.276,3527.9458
WITCH 5.0,1061.360728,589.8634055,313.6108921,276.935,276.935,276.935,276.935,276.935,276.935,3626.445026
EN_NPi2020_3000,3570.06468,2248.046484,1556.660323,1416.680721,1350.124629,1317.356623,1292.121431,1273.209332,1258.865402,15283.12962
POLES ENGAGE,1630.181152,1135.25647,805.8001099,768.1569214,751.5123291,744.6912231,741.4487305,739.1976318,738.239502,8054.48407
REMIND-MAgPIE 2.1-4.2,878.5228,505.8704,417.8176,371.5888,321.6773,295.7304,273.7377,257.0767,243.6909,3565.7126
WITCH 5.0,1061.360728,606.9196135,333.0426127,276.935,276.935,276.935,276.935,276.935,276.935,3662.932954
EN_NPi2020_3000f,3570.06468,2246.830884,1555.671323,1416.076721,1349.757929,1317.073623,1291.916531,1273.060032,1258.752202,15279.20392
POLES ENGAGE,1630.181152,1135.25647,805.8001099,768.1569214,751.5123291,744.6912231,741.4487305,739.1976318,738.239502,8054.48407
REMIND-MAgPIE 2.1-4.2,878.5228,504.6548,416.8286,370.9848,321.3106,295.4474,273.5328,256.9274,243.5777,3561.7869
WITCH 5.0,1061.360728,606.9196135,333.0426127,276.935,276.935,276.935,276.935,276.935,276.935,3662.932954
EN_NPi2020_300f,2508.703952,1362.904704,1141.137904,1090.799763,1034.674838,1005.384858,981.3422322,964.089582,951.1863649,11040.2242
POLES ENGAGE,1630.181152,942.3363037,781.8363037,761.3515625,746.3359375,742.2298584,739.2955322,737.621582,736.8540649,7818.042297
REMIND-MAgPIE 2.1-4.2,878.5228,420.5684,359.3016,329.4482,288.3389,263.155,242.0467,226.468,214.3323,3222.1819
EN_NPi2020_400,878.5228,404.073,342.8734,315.5283,284.4824,265.0084,247.7737,235.422,224.8048,3198.4888
REMIND-MAgPIE 2.1-4.2,878.5228,404.073,342.8734,315.5283,284.4824,265.0084,247.7737,235.422,224.8048,3198.4888
EN_NPi2020_400f,4968.662092,3005.57481,2495.302102,2369.950279,2262.480146,2177.930209,2103.434206,2063.279525,2040.524202,23487.13757
GEM-E3_V2021,1398.597412,1177.995421,1075.206953,1000.297786,948.9216037,893.4734765,842.6101191,820.075412,810.8503039,8968.028487
POLES ENGAGE,1630.181152,965.9020996,782.5276489,761.3981934,746.2737427,742.2059326,739.3494873,737.5880127,736.7875977,7842.213867
REMIND-MAgPIE 2.1-4.2,878.5228,424.0666,360.6325,331.3193,290.3498,265.3158,244.5396,228.6811,215.9513,3239.3788
WITCH 5.0,1061.360728,437.6106889,276.935,276.935,276.935,276.935,276.935,276.935,276.935,3437.516417
EN_NPi2020_450,1061.360728,423.7414717,276.935,276.935,276.935,276.935,276.935,276.935,276.935,3423.6472
WITCH 5.0,1061.360728,423.7414717,276.935,276.935,276.935,276.935,276.935,276.935,276.935,3423.6472
EN_NPi2020_450f,1061.360728,439.0544428,276.935,276.935,276.935,276.935,276.935,276.935,276.935,3438.960171
WITCH 5.0,1061.360728,439.0544428,276.935,276.935,276.935,276.935,276.935,276.935,276.935,3438.960171
EN_NPi2020_500,4968.662092,2852.493956,2478.730242,2356.430698,2258.391629,2181.371777,2107.938327,2071.99909,2051.19508,23327.21289
GEM-E3_V2021,1398.597412,1163.39598,1070.714005,999.5927592,948.2528396,895.6856114,842.7551427,821.2979657,812.0501104,8952.341826
POLES ENGAGE,1630.181152,849.2331543,778.6625366,757.312439,745.6290894,741.8092651,738.9188843,737.6099243,736.8637695,7716.220215
REMIND-MAgPIE 2.1-4.2,878.5228,410.9823,352.4187,322.5905,287.5747,266.9419,249.3293,236.1562,225.3462,3229.8626
WITCH 5.0,1061.360728,428.8825213,276.935,276.935,276.935,276.935,276.935,276.935,276.935,3428.788249
EN_NPi2020_500f,4968.662092,3050.701337,2498.177585,2372.479129,2264.070157,2182.753759,2106.046138,2066.557833,2042.875211,23552.32324
GEM-E3_V2021,1398.597412,1182.792479,1075.16529,1001.083402,948.8151612,896.1724802,842.6344895,820.7786046,811.2630013,8977.30232
POLES ENGAGE,1630.181152,998.8930054,784.829895,761.9780273,746.3605957,742.3253784,739.4521484,737.5795288,736.8048096,7878.404541
REMIND-MAgPIE 2.1-4.2,878.5228,426.7135,361.2474,332.4827,291.9594,267.3209,247.0245,231.2647,217.8724,3254.4083
WITCH 5.0,1061.360728,442.3023521,276.935,276.935,276.935,276.935,276.935,276.935,276.935,3442.20808
EN_NPi2020_600,4968.662092,2874.198892,2486.565894,2365.250553,2261.344915,2184.443992,2112.171249,2072.90437,2052.219632,23377.76159
GEM-E3_V2021,1398.597412,1166.5678,1072.32871,1000.813441,948.4251253,897.3758262,845.8805783,821.3525267,812.6946262,8964.036046
POLES ENGAGE,1630.181152,854.1102905,779.5886841,759.0349121,746.1644897,742.3753662,739.2600708,737.7513428,736.9685059,7725.434814
REMIND-MAgPIE 2.1-4.2,878.5228,416.8564,357.7135,328.4672,289.8203,267.7578,250.0956,236.8655,225.6215,3251.7206
WITCH 5.0,1061.360728,436.6644017,276.935,276.935,276.935,276.935,276.935,276.935,276.935,3436.57013
EN_NPi2020_600_COV,2279.12953,1659.141396,1502.231066,1389.120831,1283.210957,1211.218588,1154.659895,1109.692999,1073.052079,12661.45734
GEM-E3_V2021,1398.58803,1227.880096,1133.166966,1046.703331,979.5086573,930.0047884,891.8165954,861.3533993,836.4088789,9305.430742
REMIND-MAgPIE 2.1-4.2,880.5415,431.2613,369.0641,342.4175,303.7023,281.2138,262.8433,248.3396,236.6432,3356.0266
EN_NPi2020_600f,4968.662092,3101.633361,2505.894806,2375.563213,2268.073754,2183.83559,2108.594634,2068.982982,2045.137091,23626.37752
GEM-E3_V2021,1398.597412,1186.670882,1078.633372,1001.771433,951.1876649,895.6434765,843.2302885,821.1321874,811.5746887,8988.441405
POLES ENGAGE,1630.181152,1038.269165,787.9418335,763.2617798,746.5264893,742.3015137,739.6017456,737.5220947,736.7843018,7922.390075
REMIND-MAgPIE 2.1-4.2,878.5228,430.1765,362.3846,333.595,293.4246,268.9556,248.8276,233.3937,219.8431,3269.1235
WITCH 5.0,1061.360728,446.5168141,276.935,276.935,276.935,276.935,276.935,276.935,276.935,3446.422542
EN_NPi2020_600f_COV,3909.556044,2747.632848,2296.85014,2155.990517,2031.150921,1952.910869,1892.451624,1844.831557,1806.724341,20638.09886
GEM-E3_V2021,1398.58803,1227.959066,1133.166754,1046.696514,979.4679882,929.9524525,891.770631,861.3155459,836.3783477,9305.295329
POLES ENGAGE,1630.426514,1076.781982,789.3953857,764.2384033,747.3981323,742.9868164,740.300293,737.8485107,736.9382935,7966.314331
REMIND-MAgPIE 2.1-4.2,880.5415,442.8918,374.288,345.0556,304.2848,279.9716,260.3807,245.6675,233.4077,3366.4892
EN_NPi2020_700,3570.06468,1788.075048,1418.361315,1369.749127,1315.725678,1288.242821,1266.99688,1252.049444,1239.866554,14509.13155
POLES ENGAGE,1630.181152,919.7241211,780.0598145,760.2103271,746.1378784,742.2064209,739.3148804,737.6205444,736.862854,7792.317993
REMIND-MAgPIE 2.1-4.2,878.5228,427.1977,361.3665,332.6038,292.6528,269.1014,250.747,237.4939,226.0687,3275.7546
WITCH 5.0,1061.360728,441.1532266,276.935,276.935,276.935,276.935,276.935,276.935,276.935,3441.058955
EN_NPi2020_700f,3570.06468,1955.550896,1430.752877,1376.058099,1318.59665,1289.618445,1266.935187,1250.227059,1236.238477,14694.04237
POLES ENGAGE,1630.181152,1068.924316,789.7108765,764.2911987,746.7989502,742.3033447,739.5770874,737.6626587,736.8134766,7956.263061
REMIND-MAgPIE 2.1-4.2,878.5228,432.7143,364.107,334.8319,294.8627,270.3801,250.4231,235.6294,222.49,3283.9613
WITCH 5.0,1061.360728,453.9122803,276.935,276.935,276.935,276.935,276.935,276.935,276.935,3453.818008
EN_NPi2020_800,4968.662092,3067.298196,2500.882548,2375.368568,2269.696674,2187.88955,2114.959916,2075.15754,2053.327908,23613.24299
GEM-E3_V2021,1398.597412,1182.420509,1075.191463,1001.625232,950.8775304,897.4336269,846.9340637,822.6407989,812.9090638,8988.6297
POLES ENGAGE,1630.181152,992.126709,783.9943848,761.6672363,746.2419434,742.2584229,739.458252,737.6144409,736.8705444,7870.413086
REMIND-MAgPIE 2.1-4.2,878.5228,434.0866,364.7617,335.1411,295.6422,271.2625,251.6326,237.9673,226.6133,3295.6301
WITCH 5.0,1061.360728,458.6643776,276.935,276.935,276.935,276.935,276.935,276.935,276.935,3458.570106
EN_NPi2020_800f,4968.662092,3182.430191,2516.311343,2380.054066,2269.719334,2189.050588,2112.483179,2073.166991,2050.729203,23742.60699
GEM-E3_V2021,1398.597412,1192.071845,1084.272876,1002.61901,949.0793941,897.7632712,844.0571385,821.1635959,811.9433622,9001.567905
POLES ENGAGE,1630.181152,1092.088867,789.2940674,764.7768555,747.25354,742.3123169,739.6061401,737.6376953,736.8290405,7979.979675
REMIND-MAgPIE 2.1-4.2,878.5228,436.0563,365.8094,335.7232,296.4514,272.04,251.8849,237.4307,225.0218,3298.9405
WITCH 5.0,1061.360728,462.2131789,276.935,276.935,276.935,276.935,276.935,276.935,276.935,3462.118907
EN_NPi2020_900,3570.06468,1949.827063,1433.600737,1377.235866,1321.929495,1293.426488,1269.902058,1253.368075,1241.082029,14710.43649
POLES ENGAGE,1630.181152,1037.835083,787.8724365,763.3847656,746.6871948,742.3577881,739.5340576,737.5916748,736.847229,7922.291381
REMIND-MAgPIE 2.1-4.2,878.5228,443.13,368.7933,336.9161,298.3073,274.1337,253.433,238.8414,227.2998,3319.3774
WITCH 5.0,1061.360728,468.86198,276.935,276.935,276.935,276.935,276.935,276.935,276.935,3468.767708
EN_NPi2020_900f,3570.06468,2023.363334,1436.237881,1378.940828,1322.804747,1293.528632,1270.125386,1253.477221,1240.754837,14789.29754
POLES ENGAGE,1630.181152,1109.202881,790.430481,764.9014282,747.4579468,742.3002319,739.5427856,737.5814209,736.7828369,7998.381164
REMIND-MAgPIE 2.1-4.2,878.5228,442.8232,368.8724,337.1044,298.4118,274.2934,253.6476,238.9608,227.037,3319.6734
WITCH 5.0,1061.360728,471.3372525,276.935,276.935,276.935,276.935,276.935,276.935,276.935,3471.242981
EN_NPi2100,7288.19875,5425.021823,4490.12602,3852.749558,3666.997142,3564.316839,3489.317214,3435.176314,3392.20084,38604.1045
AIM/CGE 2.2,2304.038,1764.7951,1525.8124,1286.8297,1286.8297,1286.8297,1286.8297,1286.8297,1286.8297,13315.6237
GEM-E3_V2021,1398.597412,1228.017124,1133.166651,1046.766224,979.6588089,930.1952467,892.0857023,861.6772247,836.7867227,9306.951116
POLES ENGAGE,1645.67981,1282.913452,1035.433716,842.5350342,779.4736328,756.4346924,745.7365112,742.0618896,739.4503174,8569.719056
REMIND-MAgPIE 2.1-4.2,878.5228,533.6418,448.84,399.6836,344.1,313.9222,287.7303,267.6725,252.1991,3726.3123
WITCH 5.0,1061.360728,615.6543471,346.8732528,276.935,276.935,276.935,276.935,276.935,276.935,3685.498328
EN_NPi2100_COV,3925.214979,3065.39977,2639.9519,2312.913481,2120.981922,2013.585839,1935.849875,1879.102142,1835.815095,21728.815
GEM-E3_V2021,1398.58803,1228.001586,1133.168841,1046.858298,979.6919557,930.2395947,892.1357027,861.7323431,836.8448144,9307.261166
POLES ENGAGE,1646.085449,1298.236084,1046.140259,852.4553833,785.7904663,759.7408447,747.7094727,742.5187988,739.867981,8618.544739
REMIND-MAgPIE 2.1-4.2,880.5415,539.1621,460.6428,413.5998,355.4995,323.6054,296.0047,274.851,259.1023,3803.0091
LeastTotalCost_Base_brkLR15_SSP1_P50,889.8689,573.2255,437.7285,375.945,330.7818,307.1436,286.3873,271.5307,260.2421,3732.8534
REMIND 2.1,889.8689,573.2255,437.7285,375.945,330.7818,307.1436,286.3873,271.5307,260.2421,3732.8534
LeastTotalCost_Base_brkLR15_SSP2_P50,895.6954,612.8281,482.7147,418.3251,359.5268,327.668,299.7959,279.7257,264.8511,3941.1308
REMIND 2.1,895.6954,612.8281,482.7147,418.3251,359.5268,327.668,299.7959,279.7257,264.8511,3941.1308
LeastTotalCost_Base_brkLR15_SSP5_P50,905.2676,824.8843,820.4019,828.3373,741.1427,692.3101,648.6457,620.0901,598.5485,6679.6282
REMIND 2.1,905.2676,824.8843,820.4019,828.3373,741.1427,692.3101,648.6457,620.0901,598.5485,6679.6282
LeastTotalCost_Base_brkSR15_SSP1_P50,891.9732,577.7772,440.906,377.4386,330.63,306.2977,285.4386,270.7543,259.5611,3740.7767
REMIND 2.1,891.9732,577.7772,440.906,377.4386,330.63,306.2977,285.4386,270.7543,259.5611,3740.7767
LeastTotalCost_Base_brkSR15_SSP2_P50,897.4609,620.4042,489.5155,423.9125,364.91,332.111,303.1518,282.7128,268.4904,3982.6691
REMIND 2.1,897.4609,620.4042,489.5155,423.9125,364.91,332.111,303.1518,282.7128,268.4904,3982.6691
LeastTotalCost_Base_brkSR15_SSP5_P50,905.2975,826.0915,827.4765,838.0356,752.9512,704.1208,658.9811,628.9387,605.7761,6747.669
REMIND 2.1,905.2975,826.0915,827.4765,838.0356,752.9512,704.1208,658.9811,628.9387,605.7761,6747.669
LeastTotalCost_CBA_brkLR15_SSP2_P50,960.2008,495.166,389.559,349.549,308.7227,285.5006,265.2826,249.4872,236.6058,3540.0737
REMIND 2.1,960.2008,495.166,389.559,349.549,308.7227,285.5006,265.2826,249.4872,236.6058,3540.0737
LeastTotalCost_CBA_brkSR15_SSP2_P50,960.2008,530.2979,407.4111,358.5921,313.8812,289.1743,267.9535,252.2741,239.931,3619.716
REMIND 2.1,960.2008,530.2979,407.4111,358.5921,313.8812,289.1743,267.9535,252.2741,239.931,3619.716
LeastTotalCost_CEA_brkLR15_SSP2_P50,960.2008,535.1255,406.9688,355.3111,310.8419,286.9883,266.0178,250.1198,238.1092,3609.6832
REMIND 2.1,960.2008,535.1255,406.9688,355.3111,310.8419,286.9883,266.0178,250.1198,238.1092,3609.6832
LeastTotalCost_CEA_brkSR15_SSP2_P50,960.2008,535.8364,406.8338,354.8046,310.08,286.003,264.9723,249.2927,237.4474,3605.471
REMIND 2.1,960.2008,535.8364,406.8338,354.8046,310.08,286.003,264.9723,249.2927,237.4474,3605.471
LeastTotalCost_LTC_brkLR15_SSP1_P50,960.2008,465.7716,351.8545,313.0765,279.5775,258.9949,243.7401,233.0454,222.7511,3329.0124
REMIND 2.1,960.2008,465.7716,351.8545,313.0765,279.5775,258.9949,243.7401,233.0454,222.7511,3329.0124
LeastTotalCost_LTC_brkLR15_SSP2_P50,960.2008,495.2254,389.7301,349.7345,308.8464,285.5298,265.219,249.396,236.5358,3540.4178
REMIND 2.1,960.2008,495.2254,389.7301,349.7345,308.8464,285.5298,265.219,249.396,236.5358,3540.4178
LeastTotalCost_LTC_brkLR15_SSP5_P50,960.2008,690.5645,656.9805,670.5199,610.478,574.3903,544.7378,522.273,501.695,5731.8398
REMIND 2.1,960.2008,690.5645,656.9805,670.5199,610.478,574.3903,544.7378,522.273,501.695,5731.8398
LeastTotalCost_LTC_brkSR15_SSP1_P50,960.2008,512.2567,374.6767,323.9051,285.6017,264.5439,248.5508,237.6033,228.342,3435.681
REMIND 2.1,960.2008,512.2567,374.6767,323.9051,285.6017,264.5439,248.5508,237.6033,228.342,3435.681
LeastTotalCost_LTC_brkSR15_SSP2_P50,960.2008,524.6148,402.4811,354.583,310.9159,286.5582,265.4168,250.0056,238.2304,3593.0066
REMIND 2.1,960.2008,524.6148,402.4811,354.583,310.9159,286.5582,265.4168,250.0056,238.2304,3593.0066
LeastTotalCost_LTC_brkSR15_SSP5_P50,960.2008,700.8905,662.746,670.752,607.925,572.5094,544.9894,525.3242,508.3633,5753.7006
REMIND 2.1,960.2008,700.8905,662.746,670.752,607.925,572.5094,544.9894,525.3242,508.3633,5753.7006
LeastTotalCost_NDC_brkLR15_SSP2_P50,958.7186,570.8287,436.9378,375.6719,324.9256,298.6136,276.1257,259.4942,246.6873,3748.0034
REMIND 2.1,958.7186,570.8287,436.9378,375.6719,324.9256,298.6136,276.1257,259.4942,246.6873,3748.0034
LeastTotalCost_NDC_brkSR15_SSP2_P50,958.0801,573.6897,438.8683,376.9668,325.9359,299.0703,276.349,259.7717,247.0375,3755.7693
REMIND 2.1,958.0801,573.6897,438.8683,376.9668,325.9359,299.0703,276.349,259.7717,247.0375,3755.7693
LeastTotalCost_NPi_brkLR15_SSP1_P50,958.7186,571.81,436.4626,373.8735,326.3119,301.4985,280.7421,266.1636,254.9195,3770.5003
REMIND 2.1,958.7186,571.81,436.4626,373.8735,326.3119,301.4985,280.7421,266.1636,254.9195,3770.5003
LeastTotalCost_NPi_brkLR15_SSP2_P50,958.7186,589.5104,470.2504,409.5461,353.8548,323.2555,295.8688,275.9843,261.1444,3938.1333
REMIND 2.1,958.7186,589.5104,470.2504,409.5461,353.8548,323.2555,295.8688,275.9843,261.1444,3938.1333
LeastTotalCost_NPi_brkLR15_SSP5_P50,958.7186,779.7889,787.9548,805.7848,722.5696,674.706,633.1265,605.6825,584.4157,6552.7474
REMIND 2.1,958.7186,779.7889,787.9548,805.7848,722.5696,674.706,633.1265,605.6825,584.4157,6552.7474
LeastTotalCost_NPi_brkSR15_SSP1_P50,958.0801,574.9949,438.868,374.635,325.6632,300.2642,279.3433,264.9732,254.0141,3770.836
REMIND 2.1,958.0801,574.9949,438.868,374.635,325.6632,300.2642,279.3433,264.9732,254.0141,3770.836
LeastTotalCost_NPi_brkSR15_SSP2_P50,958.0801,593.5302,474.4589,413.4081,357.3045,326.0266,297.8764,277.7716,263.6428,3962.0992
REMIND 2.1,958.0801,593.5302,474.4589,413.4081,357.3045,326.0266,297.8764,277.7716,263.6428,3962.0992
LeastTotalCost_NPi_brkSR15_SSP5_P50,958.0801,784.3342,793.7446,811.0306,728.6875,681.5725,638.6807,609.3031,586.4596,6591.8929
REMIND 2.1,958.0801,784.3342,793.7446,811.0306,728.6875,681.5725,638.6807,609.3031,586.4596,6591.8929
"NGFS1_Current policies (Hot house world, Rep)",2238.884083,1705.252893,1539.569016,1421.223389,1421.223389,1421.223389,1421.223389,1421.223389,1421.223389,14011.04633
GCAM 5.2,2238.884083,1705.252893,1539.569016,1421.223389,1421.223389,1421.223389,1421.223389,1421.223389,1421.223389,14011.04633
NGFS2_Current Policies,3133.350283,2277.649693,2018.382316,1856.817789,1799.711189,1766.711189,1738.537389,1719.125289,1703.054189,18013.33933
GCAM 5.3,2238.884083,1705.252893,1539.569016,1421.223389,1421.223389,1421.223389,1421.223389,1421.223389,1421.223389,14011.04633
REMIND-MAgPIE 2.1-4.2,894.4662,572.3968,478.8133,435.5944,378.4878,345.4878,317.314,297.9019,281.8308,4002.293
NGFS2_Current Policies - IPD-95th,892.9289,569.6976,478.0842,436.6822,380.8659,348.567,321.6505,303.1933,288.5978,4020.2674
REMIND-MAgPIE 2.1-4.2,892.9289,569.6976,478.0842,436.6822,380.8659,348.567,321.6505,303.1933,288.5978,4020.2674
NGFS2_Current Policies - IPD-median,893.4538,570.5369,478.7903,436.7696,380.2388,347.6196,320.3267,301.4807,286.1129,4015.3293
REMIND-MAgPIE 2.1-4.2,893.4538,570.5369,478.7903,436.7696,380.2388,347.6196,320.3267,301.4807,286.1129,4015.3293
NGFS2_Delayed Transition,3133.350283,2277.649693,1943.862516,1787.827689,1752.818589,1725.630189,1703.122689,1687.758789,1674.742389,17686.76283
GCAM 5.3,2238.884083,1705.252893,1539.569016,1421.223389,1421.223389,1421.223389,1421.223389,1421.223389,1421.223389,14011.04633
REMIND-MAgPIE 2.1-4.2,894.4662,572.3968,404.2935,366.6043,331.5952,304.4068,281.8993,266.5354,253.519,3675.7165
NGFS2_Divergent Net Zero Policies,3133.350283,2149.378693,1921.974416,1785.090989,1748.652589,1724.371989,1705.968089,1691.485289,1678.193889,17538.46623
GCAM 5.3,2238.884083,1705.252893,1539.569016,1421.223389,1421.223389,1421.223389,1421.223389,1421.223389,1421.223389,14011.04633
REMIND-MAgPIE 2.1-4.2,894.4662,444.1258,382.4054,363.8676,327.4292,303.1486,284.7447,270.2619,256.9705,3527.4199
NGFS2_Nationally Determined Contributions (NDCs),3133.350283,2236.582593,1969.981416,1809.799489,1764.762589,1739.472389,1718.159189,1702.570589,1689.555689,17764.23423
GCAM 5.3,2238.884083,1705.252893,1539.569016,1421.223389,1421.223389,1421.223389,1421.223389,1421.223389,1421.223389,14011.04633
REMIND-MAgPIE 2.1-4.2,894.4662,531.3297,430.4124,388.5761,343.5392,318.249,296.9358,281.3472,268.3323,3753.1879
NGFS2_Net-Zero 2050,3133.350283,2153.091693,1923.351016,1786.330989,1750.378589,1726.801689,1708.959089,1695.081689,1682.327689,17559.67273
GCAM 5.3,2238.884083,1705.252893,1539.569016,1421.223389,1421.223389,1421.223389,1421.223389,1421.223389,1421.223389,14011.04633
REMIND-MAgPIE 2.1-4.2,894.4662,447.8388,383.782,365.1076,329.1552,305.5783,287.7357,273.8583,261.1043,3548.6264
NGFS2_Net-Zero 2050 - IPD-95th,892.9289,445.8187,385.7186,367.6739,331.7881,308.508,291.0519,277.194,264.4483,3565.1304
REMIND-MAgPIE 2.1-4.2,892.9289,445.8187,385.7186,367.6739,331.7881,308.508,291.0519,277.194,264.4483,3565.1304
NGFS2_Net-Zero 2050 - IPD-median,893.4538,446.6329,384.9855,366.4632,330.374,307.1072,289.4964,275.6027,262.886,3557.0017
REMIND-MAgPIE 2.1-4.2,893.4538,446.6329,384.9855,366.4632,330.374,307.1072,289.4964,275.6027,262.886,3557.0017
PEP_1p5C_full_eff,1249.287,740.1005,588.1744,531.4689,494.5679,473.4861,455.0031,441.8784,431.6166,5405.5829
REMIND-MAgPIE 1.7-3.0,1249.287,740.1005,588.1744,531.4689,494.5679,473.4861,455.0031,441.8784,431.6166,5405.5829
PEP_1p5C_full_goodpractice,1259.3132,838.1235,621.5324,537.282,493.4582,470.897,451.0451,437.9699,428.7371,5538.3584
REMIND-MAgPIE 1.7-3.0,1259.3132,838.1235,621.5324,537.282,493.4582,470.897,451.0451,437.9699,428.7371,5538.3584
PEP_1p5C_full_NDC,1283.4661,871.1531,630.0515,537.899,493.0109,470.4424,450.2979,436.7031,427.1707,5600.1947
REMIND-MAgPIE 1.7-3.0,1283.4661,871.1531,630.0515,537.899,493.0109,470.4424,450.2979,436.7031,427.1707,5600.1947
PEP_1p5C_full_netzero,1249.287,819.5395,615.7974,537.3304,494.5294,472.1629,452.553,439.6168,430.3682,5511.1846
REMIND-MAgPIE 1.7-3.0,1249.287,819.5395,615.7974,537.3304,494.5294,472.1629,452.553,439.6168,430.3682,5511.1846
PEP_1p5C_red_eff,1249.287,717.8974,572.7042,516.7017,481.197,461.5648,443.9019,431.3557,421.7877,5296.3974
REMIND-MAgPIE 1.7-3.0,1249.287,717.8974,572.7042,516.7017,481.197,461.5648,443.9019,431.3557,421.7877,5296.3974
PEP_2C_full_eff,1249.287,760.9679,598.3303,535.2684,495.7418,473.5878,454.244,441.2935,431.7408,5440.4615
REMIND-MAgPIE 1.7-3.0,1249.287,760.9679,598.3303,535.2684,495.7418,473.5878,454.244,441.2935,431.7408,5440.4615
PEP_2C_full_goodpractice,1259.3132,838.1235,628.5621,543.8475,499.8527,477.1501,456.9278,443.6665,434.1472,5581.5906
REMIND-MAgPIE 1.7-3.0,1259.3132,838.1235,628.5621,543.8475,499.8527,477.1501,456.9278,443.6665,434.1472,5581.5906
PEP_2C_full_NDC,1283.4661,871.1531,635.8058,543.0877,498.3345,475.9614,455.7204,442.2124,432.6548,5638.3962
REMIND-MAgPIE 1.7-3.0,1283.4661,871.1531,635.8058,543.0877,498.3345,475.9614,455.7204,442.2124,432.6548,5638.3962
PEP_2C_full_netzero,1249.287,819.5395,623.0968,543.9707,500.4275,477.5112,457.0668,443.5481,433.9803,5548.4279
REMIND-MAgPIE 1.7-3.0,1249.287,819.5395,623.0968,543.9707,500.4275,477.5112,457.0668,443.5481,433.9803,5548.4279
PEP_2C_red_eff,1249.287,754.7327,591.3224,528.943,488.9008,466.7718,447.7817,435.0308,425.7974,5388.5676
REMIND-MAgPIE 1.7-3.0,1249.287,754.7327,591.3224,528.943,488.9008,466.7718,447.7817,435.0308,425.7974,5388.5676
PEP_2C_red_goodpractice,1259.3132,838.1235,618.1619,531.1046,487.5307,466.5134,447.7494,435.1037,426.3151,5509.9155
REMIND-MAgPIE 1.7-3.0,1259.3132,838.1235,618.1619,531.1046,487.5307,466.5134,447.7494,435.1037,426.3151,5509.9155
PEP_2C_red_NDC,1283.4661,871.1531,627.078,532.4243,487.6028,466.2976,446.8311,433.4561,424.2583,5572.5674
REMIND-MAgPIE 1.7-3.0,1283.4661,871.1531,627.078,532.4243,487.6028,466.2976,446.8311,433.4561,424.2583,5572.5674
PEP_2C_red_netzero,1249.287,819.5395,612.794,531.5729,488.6316,467.332,448.609,436.1224,427.345,5481.2334
REMIND-MAgPIE 1.7-3.0,1249.287,819.5395,612.794,531.5729,488.6316,467.332,448.609,436.1224,427.345,5481.2334
PEP_goodpractice,1259.3132,838.1235,657.2946,573.1011,522.6685,497.2232,474.3425,457.9106,445.5766,5725.5538
REMIND-MAgPIE 1.7-3.0,1259.3132,838.1235,657.2946,573.1011,522.6685,497.2232,474.3425,457.9106,445.5766,5725.5538
PEP_NDC,1283.4661,871.1531,678.6806,584.0777,527.2938,499.8476,475.7585,458.6726,445.9989,5824.9489
REMIND-MAgPIE 1.7-3.0,1283.4661,871.1531,678.6806,584.0777,527.2938,499.8476,475.7585,458.6726,445.9989,5824.9489
PEP_netzero,1249.287,819.5395,644.2446,566.0787,518.7635,493.9388,471.4504,455.5656,443.9233,5662.7914
REMIND-MAgPIE 1.7-3.0,1249.287,819.5395,644.2446,566.0787,518.7635,493.9388,471.4504,455.5656,443.9233,5662.7914
PEP_NoPolicy,1337.6792,967.0326,732.0122,612.6743,542.9431,510.4846,483.1447,464.0316,449.8364,6099.8387
REMIND-MAgPIE 1.7-3.0,1337.6792,967.0326,732.0122,612.6743,542.9431,510.4846,483.1447,464.0316,449.8364,6099.8387
PEP_NPi,1283.4661,917.089,715.4555,605.824,539.6688,508.626,481.9235,463.0755,449.0552,5964.1836
REMIND-MAgPIE 1.7-3.0,1283.4661,917.089,715.4555,605.824,539.6688,508.626,481.9235,463.0755,449.0552,5964.1836
PR_baseline,2238.884083,1705.252893,1539.569016,1421.223389,1421.223389,1421.223389,1421.223389,1421.223389,1421.223389,14011.04633
GCAM-PR 5.3,2238.884083,1705.252893,1539.569016,1421.223389,1421.223389,1421.223389,1421.223389,1421.223389,1421.223389,14011.04633
PR_CP_PriceOnly,2238.884083,1705.252893,1539.569016,1421.223389,1421.223389,1421.223389,1421.223389,1421.223389,1421.223389,14011.04633
GCAM-PR 5.3,2238.884083,1705.252893,1539.569016,1421.223389,1421.223389,1421.223389,1421.223389,1421.223389,1421.223389,14011.04633
PR_NDC_PriceOnly,2238.884083,1705.252893,1539.569016,1421.223389,1421.223389,1421.223389,1421.223389,1421.223389,1421.223389,14011.04633
GCAM-PR 5.3,2238.884083,1705.252893,1539.569016,1421.223389,1421.223389,1421.223389,1421.223389,1421.223389,1421.223389,14011.04633
R2p1_SSP1-Base,902.2908,555.6425,429.6765,372.1151,326.333,300.4264,278.1058,263.223,252.1367,3679.9498
REMIND 2.1,902.2908,555.6425,429.6765,372.1151,326.333,300.4264,278.1058,263.223,252.1367,3679.9498
R2p1_SSP1-NDC,881.2141,479.4405,369.4971,324.732,287.7622,266.8163,250.3481,239.2367,229.874,3328.921
REMIND 2.1,881.2141,479.4405,369.4971,324.732,287.7622,266.8163,250.3481,239.2367,229.874,3328.921
R2p1_SSP1-NPi,881.2141,525.7254,415.8983,363.0698,318.9312,293.5442,272.25,258.1608,247.3949,3576.1887
REMIND 2.1,881.2141,525.7254,415.8983,363.0698,318.9312,293.5442,272.25,258.1608,247.3949,3576.1887
R2p1_SSP1-PkBudg1100,881.2141,436.6478,339.8263,303.3114,271.6564,250.9872,235.4235,226.4187,218.4478,3163.9332
REMIND 2.1,881.2141,436.6478,339.8263,303.3114,271.6564,250.9872,235.4235,226.4187,218.4478,3163.9332
R2p1_SSP1-PkBudg1300,881.2141,453.7241,348.8494,308.7708,276.4769,256.8232,241.5049,231.692,223.0723,3222.1277
REMIND 2.1,881.2141,453.7241,348.8494,308.7708,276.4769,256.8232,241.5049,231.692,223.0723,3222.1277
R2p1_SSP1-PkBudg900,881.2141,419.141,331.8931,296.6628,263.2931,243.1048,229.7743,221.1994,212.592,3098.8746
REMIND 2.1,881.2141,419.141,331.8931,296.6628,263.2931,243.1048,229.7743,221.1994,212.592,3098.8746
R2p1_SSP2-Base,906.1299,590.97,472.0975,411.8897,354.5166,321.8964,292.6438,271.2785,255.9639,3877.3863
REMIND 2.1,906.1299,590.97,472.0975,411.8897,354.5166,321.8964,292.6438,271.2785,255.9639,3877.3863
R2p1_SSP2-NDC,881.2141,494.3042,396.8275,353.4485,310.7394,287.3107,266.8473,251.6033,239.5769,3481.8719
REMIND 2.1,881.2141,494.3042,396.8275,353.4485,310.7394,287.3107,266.8473,251.6033,239.5769,3481.8719
R2p1_SSP2-NPi,881.2141,546.7371,453.0528,401.2407,347.1428,316.7643,289.5526,268.8458,253.5122,3758.0624
REMIND 2.1,881.2141,546.7371,453.0528,401.2407,347.1428,316.7643,289.5526,268.8458,253.5122,3758.0624
R2p1_SSP2-PkBudg1100,881.2141,457.0319,370.0719,335.4568,297.7689,274.4828,254.4884,240.3765,229.3977,3340.289
REMIND 2.1,881.2141,457.0319,370.0719,335.4568,297.7689,274.4828,254.4884,240.3765,229.3977,3340.289
R2p1_SSP2-PkBudg1300,881.2141,469.2777,376.8852,338.6497,300.7306,278.4227,258.7082,244.0308,232.2392,3380.1582
REMIND 2.1,881.2141,469.2777,376.8852,338.6497,300.7306,278.4227,258.7082,244.0308,232.2392,3380.1582
R2p1_SSP2-PkBudg900,881.2141,439.7299,363.1594,331.0053,293.4287,270.6697,251.9056,238.1956,226.7403,3296.0486
REMIND 2.1,881.2141,439.7299,363.1594,331.0053,293.4287,270.6697,251.9056,238.1956,226.7403,3296.0486
R2p1_SSP5-Base,913.9824,816.3255,833.6408,855.1286,760.6932,698.6335,639.9493,601.8779,572.0778,6692.309
REMIND 2.1,913.9824,816.3255,833.6408,855.1286,760.6932,698.6335,639.9493,601.8779,572.0778,6692.309
R2p1_SSP5-NDC,881.2141,706.4346,701.9553,715.1288,643.2111,601.7644,564.1562,538.3568,518.7921,5871.0134
REMIND 2.1,881.2141,706.4346,701.9553,715.1288,643.2111,601.7644,564.1562,538.3568,518.7921,5871.0134
R2p1_SSP5-NPi,881.2141,752.1178,779.2484,807.6648,723.6578,671.2143,622.0564,588.6992,561.0712,6386.944
REMIND 2.1,881.2141,752.1178,779.2484,807.6648,723.6578,671.2143,622.0564,588.6992,561.0712,6386.944
R2p1_SSP5-PkBudg1100,881.2141,641.6027,625.3116,642.0473,586.4042,552.0755,523.596,503.5265,487.5925,5443.3704
REMIND 2.1,881.2141,641.6027,625.3116,642.0473,586.4042,552.0755,523.596,503.5265,487.5925,5443.3704
R2p1_SSP5-PkBudg1300,881.2141,654.8032,634.9941,648.3639,591.1085,556.2738,526.3718,505.3893,489.2771,5487.7958
REMIND 2.1,881.2141,654.8032,634.9941,648.3639,591.1085,556.2738,526.3718,505.3893,489.2771,5487.7958
R2p1_SSP5-PkBudg900,881.2141,622.6948,614.7954,636.407,581.1716,547.1126,519.9713,500.6759,484.373,5388.4157
REMIND 2.1,881.2141,622.6948,614.7954,636.407,581.1716,547.1126,519.9713,500.6759,484.373,5388.4157
SMP_2C_lifesty,1196.6078,748.558,602.6006,541.8248,503.062,481.7044,462.6242,449.3011,438.998,5425.2809
REMIND-MAgPIE 1.7-3.0,1196.6078,748.558,602.6006,541.8248,503.062,481.7044,462.6242,449.3011,438.998,5425.2809
SMP_REF_Def,1343.1516,975.7285,735.951,614.0787,543.3983,510.6259,483.1088,464.0051,449.8387,6119.8866
REMIND-MAgPIE 1.7-3.0,1343.1516,975.7285,735.951,614.0787,543.3983,510.6259,483.1088,464.0051,449.8387,6119.8866
SMP_REF_Sust,1367.6768,1040.6215,785.809,643.5196,560.7716,523.2445,492.7967,472.792,458.8118,6346.0435
REMIND-MAgPIE 1.7-3.0,1367.6768,1040.6215,785.809,643.5196,560.7716,523.2445,492.7967,472.792,458.8118,6346.0435
SusDev_SDP-NPi,878.3726,492.5879,409.7877,361.4191,318.0535,293.8704,275.2609,262.9611,252.2632,3544.5764
REMIND-MAgPIE 2.1-4.2,878.3726,492.5879,409.7877,361.4191,318.0535,293.8704,275.2609,262.9611,252.2632,3544.5764
SusDev_SDP-PkBudg1000,878.3726,401.0519,331.5629,301.9588,274.358,255.531,242.9386,235.1961,226.0742,3147.0441
REMIND-MAgPIE 2.1-4.2,878.3726,401.0519,331.5629,301.9588,274.358,255.531,242.9386,235.1961,226.0742,3147.0441
SusDev_SSP1-NDC,878.3726,483.3524,368.0883,323.8417,288.4779,266.8137,250.0654,239.368,229.7745,3328.1545
REMIND-MAgPIE 2.1-4.2,878.3726,483.3524,368.0883,323.8417,288.4779,266.8137,250.0654,239.368,229.7745,3328.1545
SusDev_SSP1-NPi,878.3726,511.7343,408.8854,359.8908,315.5819,289.9497,270.001,256.9651,245.7821,3537.1629
REMIND-MAgPIE 2.1-4.2,878.3726,511.7343,408.8854,359.8908,315.5819,289.9497,270.001,256.9651,245.7821,3537.1629
SusDev_SSP1-PkBudg900,878.3726,398.9749,326.3942,294.3807,261.7685,242.1051,229.1486,220.7572,211.8654,3063.7672
REMIND-MAgPIE 2.1-4.2,878.3726,398.9749,326.3942,294.3807,261.7685,242.1051,229.1486,220.7572,211.8654,3063.7672
SusDev_SSP2-NDC,878.3726,486.5611,394.7037,352.6602,309.9655,286.8458,266.7158,251.5215,239.2991,3466.6453
REMIND-MAgPIE 2.1-4.2,878.3726,486.5611,394.7037,352.6602,309.9655,286.8458,266.7158,251.5215,239.2991,3466.6453
SusDev_SSP2-NPi,878.3726,533.8751,448.9148,399.7083,344.113,313.9973,287.8725,267.8428,252.3869,3727.0833
REMIND-MAgPIE 2.1-4.2,878.3726,533.8751,448.9148,399.7083,344.113,313.9973,287.8725,267.8428,252.3869,3727.0833
SusDev_SSP2-PkBudg900,878.3726,422.5537,359.5598,330.4549,292.5973,270.0414,251.5606,237.879,226.1192,3269.1385
REMIND-MAgPIE 2.1-4.2,878.3726,422.5537,359.5598,330.4549,292.5973,270.0414,251.5606,237.879,226.1192,3269.1385
TechCost-SSP2-B1100-bioH,935.5938,478.1274,375.1311,333.0559,293.9586,271.0684,251.2077,236.7183,225.6159,3400.4771
REMIND 2.1,935.5938,478.1274,375.1311,333.0559,293.9586,271.0684,251.2077,236.7183,225.6159,3400.4771
TechCost-SSP2-B1100-ccsH,935.0494,476.6334,374.1259,332.6444,293.8163,272.0674,253.8037,240.4661,229.9036,3408.5102
REMIND 2.1,935.0494,476.6334,374.1259,332.6444,293.8163,272.0674,253.8037,240.4661,229.9036,3408.5102
TechCost-SSP2-B1100-coalH,940.4779,476.2026,372.5361,331.4176,292.5229,269.5649,249.9427,235.7157,224.5962,3392.9766
REMIND 2.1,940.4779,476.2026,372.5361,331.4176,292.5229,269.5649,249.9427,235.7157,224.5962,3392.9766
TechCost-SSP2-B1100-elh2H,935.4144,471.8854,367.6811,326.1305,288.9069,266.8831,247.84,233.9538,223.0964,3361.7916
REMIND 2.1,935.4144,471.8854,367.6811,326.1305,288.9069,266.8831,247.84,233.9538,223.0964,3361.7916
TechCost-SSP2-B1100-gasH,933.636,475.4957,372.9232,331.6712,292.7115,269.8973,250.3069,236.02,224.9269,3387.5887
REMIND 2.1,933.636,475.4957,372.9232,331.6712,292.7115,269.8973,250.3069,236.02,224.9269,3387.5887
TechCost-SSP2-B1100-nucH,935.8486,481.3799,382.6168,341.428,300.5877,276.3706,255.0753,238.9544,226.5144,3438.7757
REMIND 2.1,935.8486,481.3799,382.6168,341.428,300.5877,276.3706,255.0753,238.9544,226.5144,3438.7757
TechCost-SSP2-B1100-oilH,936.3546,474.0725,375.164,334.6345,294.0542,270.4581,250.6185,236.2487,224.9359,3396.541
REMIND 2.1,936.3546,474.0725,375.164,334.6345,294.0542,270.4581,250.6185,236.2487,224.9359,3396.541
TechCost-SSP2-B1100-spvH,475.362,232.702,185.0705,166.4823,147.823,137.012,128.0625,120.8322,115.3551,1708.7016
REMIND 2.1,475.362,232.702,185.0705,166.4823,147.823,137.012,128.0625,120.8322,115.3551,1708.7016
TechCost-SSP2-B1100-windH,937.1231,497.53,395.7104,347.8026,302.018,277.4635,256.6299,240.6393,228.2779,3483.1947
REMIND 2.1,937.1231,497.53,395.7104,347.8026,302.018,277.4635,256.6299,240.6393,228.2779,3483.1947
Transport_Budg1100_Conv,858.5634,442.531,361.9284,326.7503,289.7809,267.566,248.9052,234.8722,223.9586,3254.856
REMIND-Transport 2.1,858.5634,442.531,361.9284,326.7503,289.7809,267.566,248.9052,234.8722,223.9586,3254.856
Transport_Budg1100_Conv-LowD,858.5634,446.6007,363.0353,327.4155,290.4058,267.9746,249.4239,235.5936,224.685,3263.6978
REMIND-Transport 2.1,858.5634,446.6007,363.0353,327.4155,290.4058,267.9746,249.4239,235.5936,224.685,3263.6978
Transport_Budg1100_ConvSyn,858.5634,414.6073,331.23,304.9313,272.8909,251.96,236.1229,224.2352,213.9471,3108.4881
REMIND-Transport 2.1,858.5634,414.6073,331.23,304.9313,272.8909,251.96,236.1229,224.2352,213.9471,3108.4881
Transport_Budg1100_ElecPush,858.5634,446.2048,359.4504,324.4804,288.3857,266.9435,249.1723,235.3831,224.3703,3252.9539
REMIND-Transport 2.1,858.5634,446.2048,359.4504,324.4804,288.3857,266.9435,249.1723,235.3831,224.3703,3252.9539
Transport_Budg1100_ElecPush-LowD,858.5634,448.4674,360.9326,326.2532,290.161,268.348,250.1982,236.4525,225.456,3264.8323
REMIND-Transport 2.1,858.5634,448.4674,360.9326,326.2532,290.161,268.348,250.1982,236.4525,225.456,3264.8323
Transport_Budg1100_H2Push,858.5634,440.4246,355.9484,321.2051,285.5353,264.332,246.8302,233.2857,222.5626,3228.6873
REMIND-Transport 2.1,858.5634,440.4246,355.9484,321.2051,285.5353,264.332,246.8302,233.2857,222.5626,3228.6873
Transport_NDC_Conv,858.5634,509.8174,405.7784,358.9669,314.9478,289.767,267.1129,250.2887,237.5728,3492.8153
REMIND-Transport 2.1,858.5634,509.8174,405.7784,358.9669,314.9478,289.767,267.1129,250.2887,237.5728,3492.8153
Transport_NPi_Conv,858.5634,561.3515,464.0138,410.3239,356.5887,324.8016,294.6967,271.4284,253.7955,3795.5635
REMIND-Transport 2.1,858.5634,561.3515,464.0138,410.3239,356.5887,324.8016,294.6967,271.4284,253.7955,3795.5635
WB2C,2195.234208,1827.878341,1649.268203,1413.927296,1449.47448,1505.135104,1531.184752,1538.193112,1537.782387,14648.07788
AIM/Hub-Global 2.0,2195.234208,1827.878341,1649.268203,1413.927296,1449.47448,1505.135104,1531.184752,1538.193112,1537.782387,14648.07788
Grand Total,739006.3147,498104.8171,399957.2658,361632.5175,337157.1592,321402.5407,308801.3799,299794.5249,293111.2625,3558967.782
